record_id,production_date,plant,production_line,machine_id,shift,product_code,produced_quantity,good_quantity,scrap_quantity,downtime_minutes,planned_minutes,cycle_time_seconds
PR-2026-000001,2026-01-01,Plant-01,Line-A,MC-101,Day,PRD-A100,5260,5168,92,0,480,4.86
PR-2026-000002,2026-01-01,Plant-01,Line-A,MC-101,Evening,PRD-A100,5196,5196,0,6,480,4.88
PR-2026-000003,2026-01-01,Plant-01,Line-A,MC-101,Night,PRD-A100,0,0,0,480,480,4.98
PR-2026-000004,2026-01-01,Plant-01,Line-A,MC-102,Day,PRD-B200,3237,3217,20,60,480,6.57
PR-2026-000005,2026-01-01,Plant-01,Line-A,MC-102,Evening,PRD-B200,4100,4016,84,42,480,6.19
PR-2026-000006,2026-01-01,Plant-01,Line-A,MC-102,Night,PRD-B200,3670,3576,94,47,480,6.09
PR-2026-000007,2026-01-01,Plant-01,Line-B,MC-201,Day,PRD-C300,6972,6710,262,10,480,3.41
PR-2026-000008,2026-01-01,Plant-01,Line-B,MC-201,Evening,PRD-C300,7442,7325,117,4,480,3.52
PR-2026-000009,2026-01-01,Plant-01,Line-B,MC-201,Night,PRD-C300,6234,6192,42,62,480,3.62
PR-2026-000010,2026-01-01,Plant-01,Line-B,MC-202,Day,PRD-D400,3007,2989,18,42,480,7.91
PR-2026-000011,2026-01-01,Plant-01,Line-B,MC-202,Evening,PRD-D400,2989,2933,56,9,480,8.22
PR-2026-000012,2026-01-01,Plant-01,Line-B,MC-202,Night,PRD-D400,3268,3246,22,8,480,8.18
PR-2026-000013,2026-01-02,Plant-01,Line-A,MC-101,Day,PRD-A100,4792,4648,144,9,480,4.97
PR-2026-000014,2026-01-02,Plant-01,Line-A,MC-101,Evening,PRD-A100,4593,4570,23,50,480,4.92
PR-2026-000015,2026-01-02,Plant-01,Line-A,MC-101,Night,PRD-A100,5489,5283,206,2,480,4.84
PR-2026-000016,2026-01-02,Plant-01,Line-A,MC-102,Day,PRD-B200,4061,4002,59,9,480,6.19
PR-2026-000017,2026-01-02,Plant-01,Line-A,MC-102,Evening,PRD-B200,4398,4293,105,1,480,6.13
PR-2026-000018,2026-01-02,Plant-01,Line-A,MC-102,Night,PRD-B200,3926,3895,31,53,480,6.05
PR-2026-000019,2026-01-02,Plant-01,Line-B,MC-201,Day,PRD-C300,6820,6746,74,45,480,3.56
PR-2026-000020,2026-01-02,Plant-01,Line-B,MC-201,Evening,PRD-C300,6624,6548,76,39,480,3.37
PR-2026-000021,2026-01-02,Plant-01,Line-B,MC-201,Night,PRD-C300,6949,6842,107,24,480,3.45
PR-2026-000022,2026-01-02,Plant-01,Line-B,MC-202,Day,PRD-D400,3122,3038,84,3,480,8.03
PR-2026-000023,2026-01-02,Plant-01,Line-B,MC-202,Evening,PRD-D400,2965,2908,57,46,480,8.42
PR-2026-000024,2026-01-02,Plant-01,Line-B,MC-202,Night,PRD-D400,3021,2966,55,43,480,7.74
PR-2026-000025,2026-01-03,Plant-01,Line-A,MC-101,Day,PRD-A100,5205,5081,124,18,480,4.99
PR-2026-000026,2026-01-03,Plant-01,Line-A,MC-101,Evening,PRD-A100,4875,4722,153,30,480,4.97
PR-2026-000027,2026-01-03,Plant-01,Line-A,MC-101,Night,PRD-A100,4697,4585,112,53,480,4.94
PR-2026-000028,2026-01-03,Plant-01,Line-A,MC-102,Day,PRD-B200,3969,3918,51,25,480,6.06
PR-2026-000029,2026-01-03,Plant-01,Line-A,MC-102,Evening,PRD-B200,3952,3915,37,64,480,5.96
PR-2026-000030,2026-01-03,Plant-01,Line-A,MC-102,Night,PRD-B200,3554,3504,50,60,480,6.41
PR-2026-000031,2026-01-03,Plant-01,Line-B,MC-201,Day,PRD-C300,6566,6440,126,44,480,3.67
PR-2026-000032,2026-01-03,Plant-01,Line-B,MC-201,Evening,PRD-C300,7224,7178,46,18,480,3.49
PR-2026-000033,2026-01-03,Plant-01,Line-B,MC-201,Night,PRD-C300,6754,6502,252,43,480,3.55
PR-2026-000034,2026-01-03,Plant-01,Line-B,MC-202,Day,PRD-D400,2849,2755,94,21,480,8.39
PR-2026-000035,2026-01-03,Plant-01,Line-B,MC-202,Evening,PRD-D400,2791,2688,103,36,480,8.19
PR-2026-000036,2026-01-03,Plant-01,Line-B,MC-202,Night,PRD-D400,3080,3063,17,58,480,7.86
PR-2026-000037,2026-01-04,Plant-01,Line-A,MC-101,Day,PRD-A100,4689,4669,20,35,480,5.02
PR-2026-000038,2026-01-04,Plant-01,Line-A,MC-101,Evening,PRD-A100,5638,5438,200,2,480,4.66
PR-2026-000039,2026-01-04,Plant-01,Line-A,MC-101,Night,PRD-A100,5122,5020,102,36,480,4.78
PR-2026-000040,2026-01-04,Plant-01,Line-A,MC-102,Day,PRD-B200,3730,3646,84,3,480,6.48
PR-2026-000041,2026-01-04,Plant-01,Line-A,MC-102,Evening,PRD-B200,3714,3579,135,48,480,6.15
PR-2026-000042,2026-01-04,Plant-01,Line-A,MC-102,Night,PRD-B200,4146,4013,133,45,480,6.07
PR-2026-000043,2026-01-04,Plant-01,Line-B,MC-201,Day,PRD-C300,6366,6292,74,48,480,3.46
PR-2026-000044,2026-01-04,Plant-01,Line-B,MC-201,Evening,PRD-C300,7014,6748,266,2,480,3.47
PR-2026-000045,2026-01-04,Plant-01,Line-B,MC-201,Night,PRD-C300,6875,6619,256,25,480,3.46
PR-2026-000046,2026-01-04,Plant-01,Line-B,MC-202,Day,PRD-D400,3191,3092,99,19,480,7.85
PR-2026-000047,2026-01-04,Plant-01,Line-B,MC-202,Evening,PRD-D400,3088,3065,23,39,480,8.06
PR-2026-000048,2026-01-04,Plant-01,Line-B,MC-202,Night,PRD-D400,3186,3142,44,15,480,8.02
PR-2026-000049,2026-01-05,Plant-01,Line-A,MC-101,Day,PRD-A100,5599,5564,35,5,480,4.73
PR-2026-000050,2026-01-05,Plant-01,Line-A,MC-101,Evening,PRD-A100,5080,5035,45,42,480,4.78
PR-2026-000051,2026-01-05,Plant-01,Line-A,MC-101,Night,PRD-A100,5166,5001,165,46,480,4.65
PR-2026-000052,2026-01-05,Plant-01,Line-A,MC-102,Day,PRD-B200,3525,3478,47,58,480,6.49
PR-2026-000053,2026-01-05,Plant-01,Line-A,MC-102,Evening,PRD-B200,3359,3246,113,58,480,6.5
PR-2026-000054,2026-01-05,Plant-01,Line-A,MC-102,Night,PRD-B200,3722,3706,16,56,480,6.37
PR-2026-000055,2026-01-05,Plant-01,Line-B,MC-201,Day,PRD-C300,6586,6457,129,24,480,3.67
PR-2026-000056,2026-01-05,Plant-01,Line-B,MC-201,Evening,PRD-C300,6466,6353,113,54,480,3.48
PR-2026-000057,2026-01-05,Plant-01,Line-B,MC-201,Night,PRD-C300,6540,6401,139,60,480,3.57
PR-2026-000058,2026-01-05,Plant-01,Line-B,MC-202,Day,PRD-D400,3096,3057,39,22,480,7.79
PR-2026-000059,2026-01-05,Plant-01,Line-B,MC-202,Evening,PRD-D400,2984,2964,20,27,480,7.93
PR-2026-000060,2026-01-05,Plant-01,Line-B,MC-202,Night,PRD-D400,2876,2826,50,48,480,7.87
PR-2026-000061,2026-01-06,Plant-01,Line-A,MC-101,Day,PRD-A100,5683,5554,129,0,480,4.7
PR-2026-000062,2026-01-06,Plant-01,Line-A,MC-101,Evening,PRD-A100,5285,5118,167,19,480,4.93
PR-2026-000063,2026-01-06,Plant-01,Line-A,MC-101,Night,PRD-A100,5852,5683,169,0,480,4.73
PR-2026-000064,2026-01-06,Plant-01,Line-A,MC-102,Day,PRD-B200,3907,3821,86,28,480,6.3
PR-2026-000065,2026-01-06,Plant-01,Line-A,MC-102,Evening,PRD-B200,3550,3431,119,40,480,6.48
PR-2026-000066,2026-01-06,Plant-01,Line-A,MC-102,Night,PRD-B200,4174,4099,75,9,480,6.13
PR-2026-000067,2026-01-06,Plant-01,Line-B,MC-201,Day,PRD-C300,7576,7391,185,24,480,3.49
PR-2026-000068,2026-01-06,Plant-01,Line-B,MC-201,Evening,PRD-C300,6543,6439,104,37,480,3.7
PR-2026-000069,2026-01-06,Plant-01,Line-B,MC-201,Night,PRD-C300,7047,6854,193,36,480,3.52
PR-2026-000070,2026-01-06,Plant-01,Line-B,MC-202,Day,PRD-D400,3156,3130,26,41,480,7.85
PR-2026-000071,2026-01-06,Plant-01,Line-B,MC-202,Evening,PRD-D400,2831,2766,65,45,480,8.31
PR-2026-000072,2026-01-06,Plant-01,Line-B,MC-202,Night,PRD-D400,2980,2870,110,2,480,8.23
PR-2026-000072,2026-01-07,Plant-01,Line-A,MC-101,Day,PRD-A100,5051,4871,180,35,480,4.86
PR-2026-000074,2026-01-07,Plant-01,Line-A,MC-101,Evening,PRD-A100,5559,5349,210,2,480,4.99
PR-2026-000075,2026-01-07,Plant-01,Line-A,MC-101,Night,PRD-A100,5359,5218,141,45,480,4.69
PR-2026-000076,2026-01-07,Plant-01,Line-A,MC-102,Day,PRD-B200,3590,3452,138,46,480,6.33
PR-2026-000077,2026-01-07,Plant-01,Line-A,MC-102,Evening,PRD-B200,4422,4401,21,5,480,6.14
PR-2026-000078,2026-01-07,Plant-01,Line-A,MC-102,Night,PRD-B200,3636,3525,111,39,480,6.19
PR-2026-000079,2026-01-07,Plant-01,Line-B,MC-201,Day,PRD-C300,7012,6809,203,42,480,3.42
PR-2026-000080,2026-01-07,Plant-01,Line-B,MC-201,Evening,PRD-C300,6882,6735,147,33,480,3.49
PR-2026-000081,2026-01-07,Plant-01,Line-B,MC-201,Night,PRD-C300,6948,6810,138,17,480,3.61
PR-2026-000082,2026-01-07,Plant-01,Line-B,MC-202,Day,PRD-D400,3391,3342,49,1,480,7.9
PR-2026-000083,2026-01-07,Plant-01,Line-B,MC-202,Evening,PRD-D400,3448,3319,129,8,480,7.82
PR-2026-000084,2026-01-07,Plant-01,Line-B,MC-202,Night,PRD-D400,2965,2943,22,22,480,8.41
PR-2026-000085,2026-01-08,Plant-01,Line-A,MC-101,Day,PRD-A100,5263,5179,84,24,480,4.78
PR-2026-000086,2026-01-08,Plant-01,Line-A,MC-101,Evening,PRD-A100,4662,4544,118,42,480,4.98
PR-2026-000087,2026-01-08,Plant-01,Line-A,MC-101,Night,PRD-A100,5301,5185,116,7,480,4.76
PR-2026-000088,2026-01-08,Plant-01,Line-A,MC-102,Day,PRD-B200,4147,4003,144,12,480,6.52
PR-2026-000089,2026-01-08,Plant-01,Line-A,MC-102,Evening,PRD-B200,3961,3939,22,28,480,6.06
PR-2026-000090,2026-01-08,Plant-01,Line-A,MC-102,Night,PRD-B200,3730,3614,116,58,480,6.47
PR-2026-000091,2026-01-08,Plant-01,Line-B,MC-201,Day,PRD-C300,7390,7157,233,1,480,3.49
PR-2026-000092,2026-01-08,Plant-01,Line-B,MC-201,Evening,PRD-C300,6818,6578,240,21,480,3.69
PR-2026-000093,2026-01-08,Plant-01,Line-B,MC-201,Night,PRD-C300,6973,6734,239,31,480,3.68
PR-2026-000094,2026-01-08,Plant-01,Line-B,MC-202,Day,PRD-D400,2850,2780,70,35,480,8.38
PR-2026-000095,2026-01-08,Plant-01,Line-B,MC-202,Evening,PRD-D400,3199,3078,121,2,480,7.96
PR-2026-000096,2026-01-08,Plant-01,Line-B,MC-202,Night,PRD-D400,3207,3088,119,32,480,8.01
PR-2026-000097,2026-01-09,Plant-01,Line-A,MC-101,Day,PRD-A100,4526,4426,100,45,480,4.95
PR-2026-000098,2026-01-09,Plant-01,Line-A,MC-101,Evening,PRD-A100,4833,4776,57,44,480,4.62
PR-2026-000099,2026-01-09,Plant-01,Line-A,MC-101,Night,PRD-A100,5351,5174,177,3,480,4.85
PR-2026-000100,2026-01-09,Plant-01,Line-A,MC-102,Day,PRD-B200,4019,3919,100,43,480,6.08
PR-2026-000101,2026-01-09,Plant-01,Line-A,MC-102,Evening,PRD-B200,3830,3682,148,7,480,6.57
PR-2026-000102,2026-01-09,Plant-01,Line-A,MC-102,Night,PRD-B200,4020,3922,98,4,480,6.32
PR-2026-000103,2026-01-09,Plant-01,Line-B,MC-201,Day,PRD-C300,6824,6756,68,29,480,3.57
PR-2026-000104,2026-01-09,Plant-01,Line-B,MC-201,Evening,PRD-C300,6262,6051,211,58,480,3.57
PR-2026-000105,2026-01-09,Plant-01,Line-B,MC-201,Night,PRD-C300,6490,6319,171,37,480,3.58
PR-2026-000106,2026-01-09,Plant-01,Line-B,MC-202,Day,PRD-D400,3215,3120,95,22,480,8.04
PR-2026-000107,2026-01-09,Plant-01,Line-B,MC-202,Evening,PRD-D400,3324,3294,30,35,480,7.76
PR-2026-000108,2026-01-09,Plant-01,Line-B,MC-202,Night,PRD-D400,2807,2722,85,24,480,8.36
PR-2026-000109,2026-01-10,Plant-01,Line-A,MC-101,Day,PRD-A100,4767,4637,130,54,480,4.86
PR-2026-000110,2026-01-10,Plant-01,Line-A,MC-101,Evening,PRD-A100,4839,4768,71,22,480,5.05
PR-2026-000111,2026-01-10,Plant-01,Line-A,MC-101,Night,PRD-A100,4840,4748,92,58,480,4.96
PR-2026-000112,2026-01-10,Plant-01,Line-A,MC-102,Day,PRD-B200,3832,3696,136,62,480,6.02
PR-2026-000113,2026-01-10,Plant-01,Line-A,MC-102,Evening,PRD-B200,3992,3945,47,15,480,5.98
PR-2026-000114,2026-01-10,Plant-01,Line-A,MC-102,Night,PRD-B200,3736,3641,95,56,480,6.07
PR-2026-000115,2026-01-10,Plant-01,Line-B,MC-201,Day,PRD-C300,6297,6094,203,48,480,3.61
PR-2026-000116,2026-01-10,Plant-01,Line-B,MC-201,Evening,PRD-C300,6711,6605,106,50,480,3.43
PR-2026-000117,2026-01-10,Plant-01,Line-B,MC-201,Night,PRD-C300,6922,6815,107,49,480,3.48
PR-2026-000118,2026-01-10,Plant-01,Line-B,MC-202,Day,PRD-D400,3132,3106,26,18,480,8.42
PR-2026-000119,2026-01-10,Plant-01,Line-B,MC-202,Evening,PRD-D400,2749,2735,14,24,480,8.4
PR-2026-000120,2026-01-10,Plant-01,Line-B,MC-202,Night,PRD-D400,3323,3268,55,19,480,7.89
PR-2026-000121,2026-01-11,Plant-01,Line-A,MC-101,Day,PRD-A100,4867,4843,24,29,480,5.02
PR-2026-000122,2026-01-11,Plant-01,Line-A,MC-101,Evening,PRD-A100,4659,4482,177,60,480,4.99
PR-2026-000123,2026-01-11,Plant-01,Line-A,MC-101,Night,PRD-A100,5213,5119,94,23,480,4.78
PR-2026-000124,2026-01-11,Plant-01,Line-A,MC-102,Day,PRD-B200,3978,3952,26,37,480,6.35
PR-2026-000125,2026-01-11,Plant-01,Line-A,MC-102,Evening,PRD-B200,4243,4113,130,4,480,6.33
PR-2026-000126,2026-01-11,Plant-01,Line-A,MC-102,Night,PRD-B200,3576,3443,133,39,480,6.4
PR-2026-000127,2026-01-11,Plant-01,Line-B,MC-201,Day,PRD-C300,7458,7249,209,11,480,3.36
PR-2026-000128,2026-01-11,Plant-01,Line-B,MC-201,Evening,PRD-C300,6499,6473,26,31,480,3.53
PR-2026-000129,2026-01-11,Plant-01,Line-B,MC-201,Night,PRD-C300,6045,6013,32,56,480,3.65
PR-2026-000130,2026-01-11,Plant-01,Line-B,MC-202,Day,PRD-D400,3421,3307,114,6,480,7.97
PR-2026-000131,2026-01-11,Plant-01,Line-B,MC-202,Evening,PRD-D400,2993,2896,97,18,480,7.83
PR-2026-000132,2026-01-11,Plant-01,Line-B,MC-202,Night,PRD-D400,2793,2765,28,57,480,8.34
PR-2026-000133,2026-01-12,Plant-01,Line-A,MC-101,Day,PRD-A100,4698,4532,166,61,480,4.86
PR-2026-000134,2026-01-12,Plant-01,Line-A,MC-101,Evening,PRD-A100,4952,4785,167,0,480,5.01
PR-2026-000135,2026-01-12,Plant-01,Line-A,MC-101,Night,PRD-A100,5308,5237,71,11,480,4.92
PR-2026-000136,2026-01-12,Plant-01,Line-A,MC-102,Day,PRD-B200,3615,3555,60,60,480,6
PR-2026-000137,2026-01-12,Plant-01,Line-A,MC-102,Evening,PRD-B200,3794,3656,138,39,480,6.02
PR-2026-000138,2026-01-12,Plant-01,Line-A,MC-102,Night,PRD-B200,3728,3645,83,7,480,6.46
PR-2026-000139,2026-01-12,Plant-01,Line-B,MC-201,Day,PRD-C300,6330,6225,105,42,480,3.68
PR-2026-000140,2026-01-12,Plant-01,Line-B,MC-201,Evening,PRD-C300,7304,7086,218,52,480,3.37
PR-2026-000141,2026-01-12,Plant-01,Line-B,MC-201,Night,PRD-C300,6852,6792,60,19,480,3.59
PR-2026-000142,2026-01-12,Plant-01,Line-B,MC-202,Day,PRD-D400,3068,2963,105,61,480,7.69
PR-2026-000143,2026-01-12,Plant-01,Line-B,MC-202,Evening,PRD-D400,3153,3072,81,49,480,7.77
PR-2026-000144,2026-01-12,Plant-01,Line-B,MC-202,Night,PRD-D400,2850,2830,20,61,480,8.31
PR-2026-000145,2026-01-13,Plant-01,Line-A,MC-101,Day,PRD-A100,5305,5143,162,14,480,4.78
PR-2026-000146,2026-01-13,Plant-01,Line-A,MC-101,Evening,PRD-A100,5247,5129,118,17,480,4.75
PR-2026-000147,2026-01-13,Plant-01,Line-A,MC-101,Night,PRD-A100,4834,4664,170,48,480,5.01
PR-2026-000148,2026-01-13,Plant-01,Line-A,MC-102,Day,PRD-B200,3802,3706,96,6,480,6.55
PR-2026-000149,2026-01-13,Plant-01,Line-A,,Evening,PRD-B200,4089,4059,30,14,480,6.41
PR-2026-000150,2026-01-13,Plant-01,Line-A,MC-102,Night,PRD-B200,4197,4061,136,4,480,6.5
PR-2026-000151,2026-01-13,Plant-01,Line-B,MC-201,Day,PRD-C300,7690,7433,257,26,480,3.41
PR-2026-000152,2026-01-13,Plant-01,Line-B,MC-201,Evening,PRD-C300,6792,6671,121,39,480,3.41
PR-2026-000153,2026-01-13,Plant-01,Line-B,MC-201,Night,PRD-C300,6851,6738,113,54,480,3.55
PR-2026-000154,2026-01-13,Plant-01,Line-B,MC-202,Day,PRD-D400,2603,2554,49,56,480,8.33
PR-2026-000155,2026-01-13,Plant-01,Line-B,MC-202,Evening,PRD-D400,2825,2745,80,59,480,8.19
PR-2026-000156,2026-01-13,Plant-01,Line-B,MC-202,Night,PRD-D400,2908,2828,80,32,480,7.77
PR-2026-000157,2026-01-14,Plant-01,Line-A,MC-101,Day,PRD-A100,5625,5484,141,3,480,4.7
PR-2026-000158,2026-01-14,Plant-01,Line-A,MC-101,Evening,PRD-A100,5032,4888,144,15,480,4.77
PR-2026-000159,2026-01-14,Plant-01,Line-A,MC-101,Night,PRD-A100,5083,4928,155,39,480,4.96
PR-2026-000160,2026-01-14,Plant-01,Line-A,MC-102,Day,PRD-B200,4334,4206,128,28,480,6.02
PR-2026-000161,2026-01-14,Plant-01,Line-A,MC-102,Evening,PRD-B200,3762,3688,74,22,480,6.14
PR-2026-000162,2026-01-14,Plant-01,Line-A,MC-102,Night,PRD-B200,3580,3532,48,59,480,6.32
PR-2026-000163,2026-01-14,Plant-01,Line-B,MC-201,Day,PRD-C300,6625,6484,141,33,480,3.61
PR-2026-000164,2026-01-14,Plant-01,Line-B,MC-201,Evening,PRD-C300,7066,7001,65,37,480,3.53
PR-2026-000165,2026-01-14,Plant-01,Line-B,MC-201,Night,PRD-C300,6730,6563,167,9,480,3.63
PR-2026-000166,2026-01-14,Plant-01,Line-B,MC-202,Day,PRD-D400,3058,3012,46,16,480,8.43
PR-2026-000167,2026-01-14,Plant-01,Line-B,MC-202,Evening,PRD-D400,2694,2607,87,56,480,8.34
PR-2026-000168,2026-01-14,Plant-01,Line-B,MC-202,Night,PRD-D400,2861,2832,29,42,480,8.06
PR-2026-000169,2026-01-15,Plant-01,Line-A,MC-101,Day,PRD-A100,5433,5230,203,22,480,4.84
PR-2026-000170,2026-01-15,Plant-01,Line-A,MC-101,Evening,PRD-A100,5504,5476,28,12,480,4.93
PR-2026-000171,2026-01-15,Plant-01,Line-A,MC-101,Night,PRD-A100,5267,5112,155,21,480,5.04
PR-2026-000172,2026-01-15,Plant-01,Line-A,MC-102,Day,PRD-B200,3734,3648,86,49,480,6.13
PR-2026-000173,2026-01-15,Plant-01,Line-A,MC-102,Evening,PRD-B200,4122,4046,76,26,480,6.17
PR-2026-000174,2026-01-15,Plant-01,Line-A,MC-102,Night,PRD-B200,3516,3393,123,56,480,6.38
PR-2026-000175,2026-01-15,Plant-01,Line-B,MC-201,Day,PRD-C300,6598,6514,84,44,480,3.59
PR-2026-000176,2026-01-15,Plant-01,Line-B,MC-201,Evening,PRD-C300,6844,6729,115,47,480,3.37
PR-2026-000177,2026-01-15,Plant-01,Line-B,MC-201,Night,PRD-C300,6545,6397,148,22,480,3.56
PR-2026-000178,2026-01-15,Plant-01,Line-B,MC-202,Day,PRD-D400,2868,2830,38,40,480,7.97
PR-2026-000179,2026-01-15,Plant-01,Line-B,MC-202,Evening,PRD-D400,2971,2958,13,63,480,8.09
PR-2026-000180,2026-01-15,Plant-01,Line-B,MC-202,Night,PRD-D400,2906,2803,103,27,480,8.43
PR-2026-000181,2026-01-16,Plant-01,Line-A,MC-101,Day,PRD-A100,4837,4747,90,64,480,4.82
PR-2026-000182,2026-01-16,Plant-01,Line-A,MC-101,Evening,PRD-A100,4844,4757,87,3,480,4.97
PR-2026-000183,2026-01-16,Plant-01,Line-A,MC-101,Night,PRD-A100,4608,4454,154,35,480,4.96
PR-2026-000184,2026-01-16,Plant-01,Line-A,MC-102,Day,PRD-B200,3853,3790,63,33,480,6.47
PR-2026-000185,2026-01-16,Plant-01,Line-A,MC-102,Evening,PRD-B200,3923,3895,28,54,480,5.99
PR-2026-000186,2026-01-16,Plant-01,Line-A,MC-102,Night,PRD-B200,4044,3926,118,13,480,5.96
PR-2026-000187,2026-01-16,Plant-01,Line-B,MC-201,Day,PRD-C300,6127,6043,84,53,480,3.52
PR-2026-000188,2026-01-16,Plant-01,Line-B,MC-201,Evening,PRD-C300,6987,6879,108,4,480,3.53
PR-2026-000189,2026-01-16,Plant-01,Line-B,MC-201,Night,PRD-C300,7274,7243,31,27,480,3.51
PR-2026-000190,2026-01-16,Plant-01,Line-B,MC-202,Day,PRD-D400,3107,3081,26,8,480,7.81
PR-2026-000191,2026-01-16,Plant-01,Line-B,MC-202,Evening,PRD-D400,3299,3267,32,11,480,8.05
PR-2026-000192,2026-01-16,Plant-01,Line-B,MC-202,Night,PRD-D400,2876,2771,105,31,480,8.39
PR-2026-000193,2026-01-17,Plant-01,Line-A,MC-101,Day,PRD-A100,4879,4804,75,62,480,4.78
PR-2026-000194,2026-01-17,Plant-01,Line-A,MC-101,Evening,PRD-A100,4786,4649,137,9,480,4.97
PR-2026-000195,2026-01-17,Plant-01,Line-A,MC-101,Night,PRD-A100,5533,5416,117,8,480,4.66
PR-2026-000196,2026-01-17,Plant-01,Line-A,MC-102,Day,PRD-B200,4212,4180,32,20,480,6.01
PR-2026-000197,2026-01-17,Plant-01,Line-A,MC-102,Evening,PRD-B200,4003,3883,120,27,480,6.26
PR-2026-000198,2026-01-17,Plant-01,Line-A,MC-102,Night,PRD-B200,4140,4120,20,38,480,6
PR-2026-000199,2026-01-17,Plant-01,Line-B,MC-201,Day,PRD-C300,6530,6352,178,28,480,3.7
PR-2026-000200,2026-01-17,Plant-01,Line-B,MC-201,Evening,PRD-C300,7390,7278,112,15,480,3.47
PR-2026-000201,2026-01-17,Plant-01,Line-B,MC-201,Night,PRD-C300,6487,6263,224,34,480,3.58
PR-2026-000202,2026-01-17,Plant-01,Line-B,MC-202,Day,PRD-D400,3031,2915,116,44,480,7.73
PR-2026-000203,2026-01-17,Plant-01,Line-B,MC-202,Evening,PRD-D400,2709,2688,21,49,480,8.28
PR-2026-000204,2026-01-17,Plant-01,Line-B,MC-202,Night,PRD-D400,3079,3016,63,27,480,8.39
PR-2026-000205,2026-01-18,Plant-01,Line-A,MC-101,Day,PRD-A100,4856,4747,109,49,480,4.62
PR-2026-000206,2026-01-18,Plant-01,Line-A,MC-101,Evening,PRD-A100,4746,4611,135,63,480,4.67
PR-2026-000207,2026-01-18,Plant-01,Line-A,MC-101,Night,PRD-A100,5160,5084,76,31,480,4.69
PR-2026-000208,2026-01-18,Plant-01,Line-A,MC-102,Day,PRD-B200,3702,3685,17,18,480,6.35
PR-2026-000209,2026-01-18,Plant-01,Line-A,MC-102,Evening,PRD-B200,3771,3633,138,50,480,6.41
PR-2026-000210,2026-01-18,Plant-01,Line-A,MC-102,Night,PRD-B200,3645,3520,125,58,480,6.27
PR-2026-000211,2026-01-18,Plant-01,Line-B,MC-201,Day,PRD-C300,6793,6628,165,28,480,3.53
PR-2026-000212,2026-01-18,Plant-01,Line-B,MC-201,Evening,PRD-C300,6197,6096,101,64,480,3.66
PR-2026-000213,2026-01-18,Plant-01,Line-B,MC-201,Night,PRD-C300,7442,7232,210,10,480,3.41
PR-2026-000214,2026-01-18,Plant-01,Line-B,MC-202,Day,PRD-D400,3211,3189,22,7,480,8.26
PR-2026-000215,2026-01-18,Plant-01,Line-B,MC-202,Evening,PRD-D400,3010,2929,81,30,480,7.85
PR-2026-000216,2026-01-18,Plant-01,Line-B,MC-202,Night,PRD-D400,2978,2879,99,46,480,8.26
PR-2026-000217,2026-01-19,Plant-01,Line-A,MC-101,Day,PRD-A100,5294,5267,27,52,480,4.66
PR-2026-000218,2026-01-19,Plant-01,Line-A,MC-101,Evening,PRD-A100,4694,4656,38,28,480,4.95
PR-2026-000219,2026-01-19,Plant-01,Line-A,MC-101,Night,PRD-A100,5075,5053,22,4,480,4.76
PR-2026-000220,2026-01-19,Plant-01,Line-A,MC-102,Day,PRD-B200,3453,3431,22,64,480,6.34
PR-2026-000221,2026-01-19,Plant-01,Line-A,MC-102,Evening,PRD-B200,3935,3870,65,38,480,6.44
PR-2026-000222,2026-01-19,Plant-01,Line-A,MC-102,Night,PRD-B200,3852,3768,84,60,480,6.31
PR-2026-000223,2026-01-19,Plant-01,Line-B,MC-201,Day,PRD-C300,6541,6318,223,12,480,3.61
PR-2026-000224,2026-01-19,Plant-01,Line-B,MC-201,Evening,PRD-C300,6435,6216,219,58,480,3.55
PR-2026-000225,2026-01-19,Plant-01,Line-B,MC-201,Night,PRD-C300,6551,6408,143,46,480,3.4
PR-2026-000226,2026-01-19,Plant-01,Line-B,MC-202,Day,PRD-D400,3195,3156,39,20,480,8.36
PR-2026-000227,2026-01-19,Plant-01,Line-B,MC-202,Weekend,PRD-D400,3339,3313,26,16,480,7.84
PR-2026-000228,2026-01-19,Plant-01,Line-B,MC-202,Night,PRD-D400,3080,3017,63,11,480,8.17
PR-2026-000229,2026-01-20,Plant-01,Line-A,MC-101,Day,PRD-A100,5484,5446,38,7,480,4.85
PR-2026-000230,2026-01-20,Plant-01,Line-A,MC-101,Evening,PRD-A100,5394,5295,99,20,480,4.81
PR-2026-000231,2026-01-20,Plant-01,Line-A,MC-101,Night,PRD-A100,5066,5042,24,13,480,5.08
PR-2026-000232,2026-01-20,Plant-01,Line-A,MC-102,Day,PRD-B200,3924,3844,80,45,480,6.09
PR-2026-000233,2026-01-20,Plant-01,Line-A,MC-102,Evening,PRD-B200,4247,4104,143,15,480,5.97
PR-2026-000234,2026-01-20,Plant-01,Line-A,MC-102,Night,PRD-B200,3908,3891,17,14,480,6.51
PR-2026-000235,2026-01-20,Plant-01,Line-B,MC-201,Day,PRD-C300,6960,6775,185,53,480,3.46
PR-2026-000236,2026-01-20,Plant-01,Line-B,MC-201,Evening,PRD-C300,7031,6813,218,45,480,3.43
PR-2026-000237,2026-01-20,Plant-01,Line-B,MC-201,Night,PRD-C300,7282,7234,48,11,480,3.47
PR-2026-000238,2026-01-20,Plant-01,Line-B,MC-202,Day,PRD-D400,2954,2889,65,37,480,8.27
PR-2026-000239,2026-01-20,Plant-01,Line-B,MC-202,Evening,PRD-D400,3120,3028,92,55,480,7.81
PR-2026-000240,2026-01-20,Plant-01,Line-B,MC-202,Night,PRD-D400,3117,2997,120,44,480,7.83
PR-2026-000241,2026-01-21,Plant-01,Line-A,MC-101,Day,PRD-A100,5600,5571,29,13,480,4.8
PR-2026-000242,2026-01-21,Plant-01,Line-A,MC-101,Evening,PRD-A100,4431,4264,167,57,480,5.03
PR-2026-000243,2026-01-21,Plant-01,Line-A,MC-101,Night,PRD-A100,5167,5100,67,38,480,4.87
PR-2026-000244,2026-01-21,Plant-01,Line-A,MC-102,Day,PRD-B200,4117,4099,18,31,480,6.25
PR-2026-000245,2026-01-21,Plant-01,Line-A,MC-102,Evening,PRD-B200,3953,3806,147,14,480,6.2
PR-2026-000246,2026-01-21,Plant-01,Line-A,MC-102,Night,PRD-B200,4117,3990,127,20,480,6.04
PR-2026-000247,2026-01-21,Plant-01,Line-B,MC-201,Day,PRD-C300,6908,6813,95,51,480,3.6
PR-2026-000248,2026-01-21,Plant-01,Line-B,MC-201,Evening,PRD-C300,6428,6295,133,61,480,3.46
PR-2026-000249,2026-01-21,Plant-01,Line-B,MC-201,Night,PRD-C300,7091,6839,252,31,480,3.45
PR-2026-000250,2026-01-21,Plant-01,Line-B,MC-202,Day,PRD-D400,3125,3092,33,11,480,7.95
PR-2026-000251,2026-01-21,Plant-01,Line-B,MC-202,Evening,PRD-D400,3119,3043,76,22,480,8.09
PR-2026-000252,2026-01-21,Plant-01,Line-B,MC-202,Night,PRD-D400,2972,2938,34,6,480,8.22
PR-2026-000253,2026-01-22,Plant-01,Line-A,MC-101,Day,PRD-A100,5832,5687,145,4,480,4.63
PR-2026-000254,2026-01-22,Plant-01,Line-A,MC-101,Evening,PRD-A100,5392,5235,157,10,480,5.05
PR-2026-000255,2026-01-22,Plant-01,Line-A,MC-101,Night,PRD-A100,4586,4426,160,50,480,5.08
PR-2026-000256,2026-01-22,Plant-01,Line-A,MC-102,Day,PRD-B200,3825,3778,47,58,480,5.98
PR-2026-000257,2026-01-22,Plant-01,Line-A,MC-102,Evening,PRD-B200,4206,4046,160,42,480,5.97
PR-2026-000258,2026-01-22,Plant-01,Line-A,MC-102,Night,PRD-B200,3467,3357,110,37,480,6.54
PR-2026-000259,2026-01-22,Plant-01,Line-B,MC-201,Day,PRD-C300,6068,5921,147,58,480,3.55
PR-2026-000260,2026-01-22,Plant-01,Line-B,MC-201,Evening,PRD-C300,7126,6983,143,41,480,3.47
PR-2026-000261,2026-01-22,Plant-01,Line-B,MC-201,Night,PRD-C300,6063,5958,105,54,480,3.59
PR-2026-000262,2026-01-22,Plant-01,Line-B,MC-202,Day,PRD-D400,2757,2701,56,38,480,8.19
PR-2026-000263,2026-01-22,Plant-01,Line-B,MC-202,Evening,PRD-D400,2767,2664,103,53,480,8.39
PR-2026-000264,2026-01-22,Plant-01,Line-B,MC-202,Night,PRD-D400,2677,2618,59,57,480,8
PR-2026-000265,2026-01-23,Plant-01,Line-A,MC-101,Day,PRD-A100,5334,5267,67,39,480,4.7
PR-2026-000266,2026-01-23,Plant-01,Line-A,MC-101,Evening,PRD-A100,4820,4646,174,61,480,4.83
PR-2026-000267,2026-01-23,Plant-01,Line-A,MC-101,Night,PRD-A100,5418,5209,209,13,480,4.65
PR-2026-000268,2026-01-23,Plant-01,Line-A,MC-102,Day,PRD-B200,4061,3972,89,7,480,6.06
PR-2026-000269,2026-01-23,Plant-01,Line-A,MC-102,Evening,PRD-B200,4254,4090,164,27,480,6.1
PR-2026-000270,2026-01-23,Plant-01,Line-A,MC-102,Night,PRD-B200,3650,3630,20,21,480,6.48
PR-2026-000271,2026-01-23,Plant-01,Line-B,MC-201,Day,PRD-C300,7631,7457,174,13,480,3.5
PR-2026-000272,2026-01-23,Plant-01,Line-B,MC-201,Evening,PRD-C300,6805,6608,197,30,480,3.43
PR-2026-000273,2026-01-23,Plant-01,Line-B,MC-201,Night,PRD-C300,7253,7144,109,40,480,3.47
PR-2026-000274,2026-01-23,Plant-01,Line-B,MC-202,Day,PRD-D400,3212,3143,69,9,480,8.04
PR-2026-000275,2026-01-23,Plant-01,Line-B,MC-202,Evening,PRD-D400,2769,2673,96,55,480,8.02
PR-2026-000276,2026-01-23,Plant-01,Line-B,MC-202,Night,PRD-D400,2932,2820,112,28,480,7.98
PR-2026-000277,2026-01-24,Plant-01,Line-A,MC-101,Day,PRD-A100,4934,4766,168,8,480,5.05
PR-2026-000278,2026-01-24,Plant-01,Line-A,MC-101,Evening,PRD-A100,5513,5432,81,3,480,4.85
PR-2026-000279,2026-01-24,Plant-01,Line-A,MC-101,Night,PRD-A100,5226,5128,98,20,480,5
PR-2026-000280,2026-01-24,Plant-01,Line-A,MC-102,Day,PRD-B200,4054,3941,113,25,480,6.32
PR-2026-000281,2026-01-24,Plant-01,Line-A,MC-102,Evening,PRD-B200,3750,3732,18,28,480,6.21
PR-2026-000282,2026-01-24,Plant-01,Line-A,MC-102,Night,PRD-B200,4252,4231,21,31,480,6.08
PR-2026-000283,2026-01-24,Plant-01,Line-B,MC-201,Day,PRD-C300,6992,6910,82,58,480,3.43
PR-2026-000284,2026-01-24,Plant-01,Line-B,MC-201,Evening,PRD-C300,6930,6722,208,12,480,3.68
PR-2026-000285,2026-01-24,Plant-01,Line-B,MC-201,Night,PRD-C300,6430,6342,88,48,480,3.46
PR-2026-000286,2026-01-24,Plant-01,Line-B,MC-202,Day,PRD-D400,3131,3089,42,5,480,8.46
PR-2026-000287,2026-01-24,Plant-01,Line-B,MC-202,Evening,PRD-D400,3363,3331,32,1,480,8.18
PR-2026-000288,2026-01-24,Plant-01,Line-B,MC-202,Night,PRD-D400,3020,2913,107,29,480,8.31
PR-2026-000289,2026-01-25,Plant-01,Line-A,MC-101,Day,PRD-A100,4860,4811,49,7,480,5.03
PR-2026-000290,2026-01-25,Plant-01,Line-A,MC-101,Evening,PRD-A100,5542,5329,213,13,480,4.83
PR-2026-000291,2026-01-25,Plant-01,Line-A,MC-101,Night,PRD-A100,4791,4645,146,14,480,4.94
PR-2026-000292,2026-01-25,Plant-01,Line-A,MC-102,Day,PRD-B200,3671,3632,39,39,480,6.2
PR-2026-000293,2026-01-25,Plant-01,Line-A,MC-102,Evening,PRD-B200,3593,3533,60,30,480,6.54
PR-2026-000294,2026-01-25,Plant-01,Line-A,MC-102,Night,PRD-B200,3664,3567,97,36,480,6.47
PR-2026-000295,2026-01-25,Plant-01,Line-B,MC-201,Day,PRD-C300,6631,6470,161,50,480,3.63
PR-2026-000296,2026-01-25,Plant-01,Line-B,MC-201,Evening,PRD-C300,6642,6409,233,52,480,3.68
PR-2026-000297,2026-01-25,Plant-01,Line-B,MC-201,Night,PRD-C300,5993,5872,121,61,480,3.53
PR-2026-000298,2026-01-25,Plant-01,Line-B,MC-202,Day,PRD-D400,3248,3199,49,15,480,8.18
PR-2026-000299,2026-01-25,Plant-01,Line-B,MC-202,Evening,PRD-D400,3159,3088,71,33,480,7.87
PR-2026-000300,2026-01-25,Plant-01,Line-B,MC-202,Night,PRD-D400,2832,2814,18,10,480,8.39
PR-2026-000301,2026-01-26,Plant-01,Line-A,MC-101,Day,PRD-A100,4925,4757,168,52,480,4.71
PR-2026-000302,2026-01-26,Plant-01,Line-A,MC-101,Evening,PRD-A100,5526,5394,132,4,480,4.82
PR-2026-000303,2026-01-26,Plant-01,Line-A,MC-101,Night,PRD-A100,5190,5063,127,53,480,4.71
PR-2026-000304,2026-01-26,Plant-01,Line-A,MC-102,Day,PRD-B200,3693,3602,91,45,480,6.14
PR-2026-000305,2026-01-26,Plant-01,Line-A,MC-102,Evening,PRD-B200,-25,3529,97,55,480,6.04
PR-2026-000306,2026-01-26,Plant-01,Line-A,MC-102,Night,PRD-B200,3363,3325,38,64,480,6.25
PR-2026-000307,2026-01-26,Plant-01,Line-B,MC-201,Day,PRD-C300,6577,6474,103,16,480,3.71
PR-2026-000308,2026-01-26,Plant-01,Line-B,MC-201,Evening,PRD-C300,6278,6079,199,54,480,3.52
PR-2026-000309,2026-01-26,Plant-01,Line-B,MC-201,Night,PRD-C300,6384,6181,203,45,480,3.67
PR-2026-000310,2026-01-26,Plant-01,Line-B,MC-202,Day,PRD-D400,2724,2709,15,62,480,8.12
PR-2026-000311,2026-01-26,Plant-01,Line-B,MC-202,Evening,PRD-D400,3518,3456,62,1,480,7.73
PR-2026-000312,2026-01-26,Plant-01,Line-B,MC-202,Night,PRD-D400,3080,3055,25,26,480,8.33
PR-2026-000313,2026-01-27,Plant-01,Line-A,MC-101,Day,PRD-A100,4860,4699,161,35,480,4.64
PR-2026-000314,2026-01-27,Plant-01,Line-A,MC-101,Evening,PRD-A100,5137,5044,93,29,480,4.9
PR-2026-000315,2026-01-27,Plant-01,Line-A,MC-101,Night,PRD-A100,5443,5299,144,10,480,4.84
PR-2026-000316,2026-01-27,Plant-01,Line-A,MC-102,Day,PRD-B200,3786,3681,105,31,480,6.27
PR-2026-000317,2026-01-27,Plant-01,Line-A,MC-102,Evening,PRD-B200,3887,3758,129,38,480,6.33
PR-2026-000318,2026-01-27,Plant-01,Line-A,MC-102,Night,PRD-B200,4105,3996,109,17,480,5.96
PR-2026-000319,2026-01-27,Plant-01,Line-B,MC-201,Day,PRD-C300,7138,6901,237,53,480,3.43
PR-2026-000320,2026-01-27,Plant-01,Line-B,MC-201,Evening,PRD-C300,7093,6926,167,49,480,3.4
PR-2026-000321,2026-01-27,Plant-01,Line-B,MC-201,Night,PRD-C300,7097,6986,111,18,480,3.36
PR-2026-000322,2026-01-27,Plant-01,Line-B,MC-202,Day,PRD-D400,3352,3240,112,7,480,7.88
PR-2026-000323,2026-01-27,Plant-01,Line-B,MC-202,Evening,PRD-D400,3319,3258,61,34,480,7.69
PR-2026-000324,2026-01-27,Plant-01,Line-B,MC-202,Night,PRD-D400,3230,3151,79,35,480,7.81
PR-2026-000325,2026-01-28,Plant-01,Line-A,MC-101,Day,PRD-A100,5444,5417,27,13,480,4.87
PR-2026-000326,2026-01-28,Plant-01,Line-A,MC-101,Evening,PRD-A100,4658,4496,162,37,480,4.91
PR-2026-000327,2026-01-28,Plant-01,Line-A,MC-101,Night,PRD-A100,4610,4544,66,38,480,4.89
PR-2026-000328,2026-01-28,Plant-01,Line-A,MC-102,Day,PRD-B200,3662,3623,39,54,480,6.1
PR-2026-000329,2026-01-28,Plant-01,Line-A,MC-102,Evening,PRD-B200,3997,3844,153,17,480,6.34
PR-2026-000330,2026-01-28,Plant-01,Line-A,MC-102,Night,PRD-B200,3789,3716,73,55,480,6.01
PR-2026-000331,2026-01-28,Plant-01,Line-B,MC-201,Day,PRD-C300,7254,6998,256,13,480,3.43
PR-2026-000332,2026-01-28,Plant-01,Line-B,MC-201,Evening,PRD-C300,6339,6171,168,63,480,3.65
PR-2026-000333,2026-01-28,Plant-01,Line-B,MC-201,Night,PRD-C300,7234,7125,109,2,480,3.51
PR-2026-000334,2026-01-28,Plant-01,Line-B,MC-202,Day,PRD-D400,3232,3117,115,8,480,7.85
PR-2026-000335,2026-01-28,Plant-01,Line-B,MC-202,Evening,PRD-D400,3202,3169,33,5,480,8.32
PR-2026-000336,2026-01-28,Plant-01,Line-B,MC-202,Night,PRD-D400,2845,2735,110,49,480,7.7
PR-2026-000337,2026-01-29,Plant-01,Line-A,MC-101,Day,PRD-A100,4929,4851,78,51,480,4.83
PR-2026-000338,2026-01-29,Plant-01,Line-A,MC-101,Evening,PRD-A100,5328,5285,43,5,480,4.76
PR-2026-000339,2026-01-29,Plant-01,Line-A,MC-101,Night,PRD-A100,5097,5076,21,16,480,4.79
PR-2026-000340,2026-01-29,Plant-01,Line-A,MC-102,Day,PRD-B200,3528,3397,131,61,480,6.19
PR-2026-000341,2026-01-29,Plant-01,Line-A,MC-102,Evening,PRD-B200,3429,3403,26,55,480,6.39
PR-2026-000342,2026-01-29,Plant-01,Line-A,MC-102,Night,PRD-B200,3783,3658,125,36,480,6.48
PR-2026-000343,2026-01-29,Plant-01,Line-B,MC-201,Day,PRD-C300,7085,6998,87,63,480,3.37
PR-2026-000344,2026-01-29,Plant-01,Line-B,MC-201,Evening,PRD-C300,6701,6569,132,50,480,3.4
PR-2026-000345,2026-01-29,Plant-01,Line-B,MC-201,Night,PRD-C300,7111,6847,264,24,480,3.39
PR-2026-000346,2026-01-29,Plant-01,Line-B,MC-202,Day,PRD-D400,2946,2905,41,40,480,8.36
PR-2026-000347,2026-01-29,Plant-01,Line-B,MC-202,Evening,PRD-D400,2964,2937,27,29,480,8.46
PR-2026-000348,2026-01-29,Plant-01,Line-B,MC-202,Night,PRD-D400,2684,2600,84,62,480,8.02
PR-2026-000349,2026-01-30,Plant-01,Line-A,MC-101,Day,PRD-A100,5056,4879,177,44,480,4.94
PR-2026-000350,2026-01-30,Plant-01,Line-A,MC-101,Evening,PRD-A100,5428,5260,168,22,480,4.86
PR-2026-000351,2026-01-30,Plant-01,Line-A,MC-101,Night,PRD-A100,5720,5529,191,1,480,4.69
PR-2026-000352,2026-01-30,Plant-01,Line-A,MC-102,Day,PRD-B200,3876,3802,74,64,480,6.18
PR-2026-000353,2026-01-30,Plant-01,Line-A,MC-102,Evening,PRD-B200,3675,3569,106,59,480,6.41
PR-2026-000354,2026-01-30,Plant-01,Line-A,MC-102,Night,PRD-B200,3921,3839,82,36,480,5.96
PR-2026-000355,2026-01-30,Plant-01,Line-B,MC-201,Day,PRD-C300,7200,7018,182,45,480,3.37
PR-2026-000356,2026-01-30,Plant-01,Line-B,MC-201,Evening,PRD-C300,7287,7136,151,18,480,3.68
PR-2026-000357,2026-01-30,Plant-01,Line-B,MC-201,Night,PRD-C300,6742,6558,184,53,480,3.49
PR-2026-000358,2026-01-30,Plant-01,Line-B,MC-202,Day,PRD-D400,2662,2561,101,55,480,8.33
PR-2026-000359,2026-01-30,Plant-01,Line-B,MC-202,Evening,PRD-D400,3027,2988,39,14,480,7.93
PR-2026-000360,2026-01-30,Plant-01,Line-B,MC-202,Night,PRD-D400,3159,3049,110,5,480,7.86
PR-2026-000361,2026-01-31,Plant-01,Line-A,MC-101,Day,PRD-A100,4538,4498,40,47,480,4.86
PR-2026-000362,2026-01-31,Plant-01,Line-A,MC-101,Evening,PRD-A100,5444,5340,104,6,480,4.72
PR-2026-000363,2026-01-31,Plant-01,Line-A,MC-101,Night,PRD-A100,4607,4571,36,51,480,4.84
PR-2026-000364,2026-01-31,Plant-01,Line-A,MC-102,Day,PRD-B200,4194,4141,53,2,480,6.26
PR-2026-000365,2026-01-31,Plant-01,Line-A,MC-102,Evening,PRD-B200,3871,3841,30,54,480,6.37
PR-2026-000366,2026-01-31,Plant-01,Line-A,MC-102,Night,PRD-B200,4006,3941,65,29,480,6.52
PR-2026-000367,2026-01-31,Plant-01,Line-B,MC-201,Day,PRD-C300,6301,6080,221,29,480,3.61
PR-2026-000368,2026-01-31,Plant-01,Line-B,MC-201,Evening,PRD-C300,6042,5980,62,56,480,3.66
PR-2026-000369,2026-01-31,Plant-01,Line-B,MC-201,Night,PRD-C300,6638,6550,88,38,480,3.62
PR-2026-000370,2026-01-31,Plant-01,Line-B,MC-202,Day,PRD-D400,2739,2645,94,49,480,8.45
PR-2026-000371,2026-01-31,Plant-01,Line-B,MC-202,Evening,PRD-D400,3188,3136,52,4,480,8.37
PR-2026-000372,2026-01-31,Plant-01,Line-B,MC-202,Night,PRD-D400,2920,2878,42,64,480,8.16
PR-2026-000373,2026-02-01,Plant-01,Line-A,MC-101,Day,PRD-A100,4885,4795,90,11,480,5.02
PR-2026-000374,2026-02-01,Plant-01,Line-A,MC-101,Evening,PRD-A100,5145,5112,33,42,480,4.7
PR-2026-000375,2026-02-01,Plant-01,Line-A,MC-101,Night,PRD-A100,5152,5035,117,19,480,5
PR-2026-000376,2026-02-01,Plant-01,Line-A,MC-102,Day,PRD-B200,4073,4028,45,48,480,6.13
PR-2026-000377,2026-02-01,Plant-01,Line-A,MC-102,Evening,PRD-B200,3943,3883,60,35,480,6.29
PR-2026-000378,2026-02-01,Plant-01,Line-A,MC-102,Night,PRD-B200,3796,3775,21,33,480,6.36
PR-2026-000379,2026-02-01,Plant-01,Line-B,MC-201,Day,PRD-C300,6659,6525,134,18,480,3.69
PR-2026-000380,2026-02-01,Plant-01,Line-B,MC-201,Evening,PRD-C300,7086,6815,271,52,480,3.44
PR-2026-000381,2026-02-01,Plant-01,Line-B,MC-201,Night,PRD-C300,7092,7038,54,39,480,3.39
PR-2026-000382,2026-02-01,Plant-01,Line-B,MC-202,Day,PRD-D400,2863,2778,85,6,480,8.46
PR-2026-000383,2026-02-01,Plant-01,Line-B,MC-202,Evening,PRD-D400,2688,2688,10,48,480,8.16
PR-2026-000384,2026-02-01,Plant-01,Line-B,MC-202,Night,PRD-D400,3152,3106,46,8,480,8.31
PR-2026-000385,2026-02-02,Plant-01,Line-A,MC-101,Day,PRD-A100,4752,4690,62,62,480,4.74
PR-2026-000386,2026-02-02,Plant-01,Line-A,MC-101,Evening,PRD-A100,4565,4495,70,49,480,4.78
PR-2026-000387,2026-02-02,Plant-01,Line-A,MC-101,Night,PRD-A100,4792,4749,43,15,480,4.97
PR-2026-000388,2026-02-02,Plant-01,Line-A,MC-102,Day,PRD-B200,3729,3710,19,45,480,6.05
PR-2026-000389,2026-02-02,Plant-01,Line-A,MC-102,Evening,PRD-B200,4018,3881,137,23,480,6.27
PR-2026-000390,2026-02-02,Plant-01,Line-A,MC-102,Night,PRD-B200,3875,3741,134,37,480,5.98
PR-2026-000391,2026-02-02,Plant-01,Line-B,MC-201,Day,PRD-C300,7293,7052,241,18,480,3.68
PR-2026-000392,2026-02-02,Plant-01,Line-B,MC-201,Evening,PRD-C300,6151,6002,149,59,480,3.48
PR-2026-000393,2026-02-02,Plant-01,Line-B,MC-201,Night,PRD-C300,6391,6325,66,41,480,3.7
PR-2026-000394,2026-02-02,Plant-01,Line-B,MC-202,Day,PRD-D400,3005,2984,21,13,480,8.34
PR-2026-000395,2026-02-02,Plant-01,Line-B,MC-202,Evening,PRD-D400,2793,2781,12,52,480,8.3
PR-2026-000396,2026-02-02,Plant-01,Line-B,MC-202,Night,PRD-D400,2811,2709,102,30,480,8.43
PR-2026-000397,2026-02-03,Plant-01,Line-A,MC-101,Day,PRD-A100,5355,5328,27,15,480,5.03
PR-2026-000398,2026-02-03,Plant-01,Line-A,MC-101,Evening,PRD-A100,5796,5665,131,9,480,4.62
PR-2026-000399,2026-02-03,Plant-01,Line-A,MC-101,Night,PRD-A100,4713,4632,81,52,480,5.02
PR-2026-000400,2026-02-03,Plant-01,Line-A,MC-102,Day,PRD-B200,4088,4043,45,3,480,6.43
PR-2026-000401,2026-02-03,Plant-01,Line-A,MC-102,Evening,PRD-B200,3721,3675,46,60,480,6.23
PR-2026-000402,2026-02-03,Plant-01,Line-A,MC-102,Night,PRD-B200,3922,3872,50,45,480,6.39
PR-2026-000403,2026-02-03,Plant-01,Line-B,MC-201,Day,PRD-C300,6301,6120,181,63,480,3.49
PR-2026-000404,2026-02-03,Plant-01,Line-B,MC-201,Evening,PRD-C300,6516,6482,34,51,480,3.49
PR-2026-000405,2026-02-03,Plant-01,Line-B,MC-201,Night,PRD-C300,6167,6016,151,33,480,3.69
PR-2026-000406,2026-02-03,Plant-01,Line-B,MC-202,Day,PRD-D400,3109,3044,65,46,480,7.92
PR-2026-000407,2026-02-03,Plant-01,Line-B,MC-202,Evening,PRD-D400,3306,3291,15,3,480,7.82
PR-2026-000408,2026-02-03,Plant-01,Line-B,MC-202,Night,PRD-D400,3101,3076,25,11,480,7.84
PR-2026-000409,2026-02-04,Plant-01,Line-A,MC-101,Day,PRD-A100,4961,4857,104,65,480,4.76
PR-2026-000410,2026-02-04,Plant-01,Line-A,MC-101,Evening,PRD-A100,4702,4602,100,48,480,4.67
PR-2026-000411,2026-02-04,Plant-01,Line-A,MC-101,Night,PRD-A100,5368,5343,25,19,480,4.7
PR-2026-000412,2026-02-04,Plant-01,Line-A,MC-102,Day,PRD-B200,4255,4095,160,34,480,6.07
PR-2026-000413,2026-02-04,Plant-01,Line-A,MC-102,Evening,PRD-B200,3771,3663,108,12,480,6.3
PR-2026-000414,2026-02-04,Plant-01,Line-A,MC-102,Night,PRD-B200,3930,3835,95,7,480,6.57
PR-2026-000415,2026-02-04,Plant-01,Line-B,MC-201,Day,PRD-C300,6375,6336,39,29,480,3.57
PR-2026-000416,2026-02-04,Plant-01,Line-B,MC-201,Evening,PRD-C300,6561,6383,178,22,480,3.53
PR-2026-000417,2026-02-04,Plant-01,Line-B,MC-201,Night,PRD-C300,6252,6024,228,43,480,3.62
PR-2026-000418,2026-02-04,Plant-01,Line-B,MC-202,Day,PRD-D400,3223,3158,65,22,480,7.87
PR-2026-000419,2026-02-04,Plant-01,Line-B,MC-202,Evening,PRD-D400,3191,3108,83,23,480,7.82
PR-2026-000420,2026-02-04,Plant-01,Line-B,MC-202,Night,PRD-D400,3060,2974,86,21,480,8.35
PR-2026-000421,2026-02-05,Plant-01,Line-A,MC-101,Day,PRD-A100,4846,4691,155,43,480,4.96
PR-2026-000422,2026-02-05,Plant-01,Line-A,MC-101,Evening,PRD-A100,5033,4838,195,22,480,4.91
PR-2026-000423,2026-02-05,Plant-01,Line-A,MC-101,Night,PRD-A100,4790,4690,100,28,480,4.76
PR-2026-000424,2026-02-05,Plant-01,Line-A,MC-102,Day,PRD-B200,3652,3575,77,53,480,6.11
PR-2026-000425,2026-02-05,Plant-01,Line-A,MC-102,Evening,PRD-B200,4160,4060,100,13,480,6.43
PR-2026-000426,2026-02-05,Plant-01,Line-A,MC-102,Night,PRD-B200,3860,3766,94,65,480,6.05
PR-2026-000427,2026-02-05,Plant-01,Line-B,MC-201,Day,PRD-C300,6566,6485,81,36,480,3.46
PR-2026-000428,2026-02-05,Plant-01,Line-B,MC-201,Evening,PRD-C300,7119,7022,97,49,480,3.36
PR-2026-000429,2026-02-05,Plant-01,Line-B,MC-201,Night,PRD-C300,7082,6918,164,52,480,3.49
PR-2026-000430,2026-02-05,Plant-01,Line-B,MC-202,Day,PRD-D400,2755,2664,91,43,480,8.22
PR-2026-000431,2026-02-05,Plant-01,Line-B,MC-202,Evening,PRD-D400,3078,3011,67,21,480,8.32
PR-2026-000432,2026-02-05,Plant-01,Line-B,MC-202,Night,PRD-D400,3182,3133,49,17,480,8.04
PR-2026-000433,2026-02-06,Plant-01,Line-A,MC-101,Day,PRD-A100,5012,4858,154,40,480,4.64
PR-2026-000434,2026-02-06,Plant-01,Line-A,MC-101,Evening,PRD-A100,5228,5072,156,39,480,4.81
PR-2026-000435,2026-02-06,Plant-01,Line-A,MC-101,Night,PRD-A100,5309,5171,138,39,480,4.64
PR-2026-000436,2026-02-06,Plant-01,Line-A,MC-102,Day,PRD-B200,3775,3758,17,16,480,6.55
PR-2026-000437,2026-02-06,Plant-01,Line-A,MC-102,Evening,PRD-B200,4381,4242,139,25,480,6.01
PR-2026-000438,2026-02-06,Plant-01,Line-A,MC-102,Night,PRD-B200,4031,4007,24,1,480,6.25
PR-2026-000439,2026-02-06,Plant-01,Line-B,MC-201,Day,PRD-C300,6837,6688,149,30,480,3.37
PR-2026-000440,2026-02-06,Plant-01,Line-B,MC-201,Evening,PRD-C300,6444,6265,179,49,480,3.67
PR-2026-000441,2026-02-06,Plant-01,Line-B,MC-201,Night,PRD-C300,6816,6672,144,7,480,3.5
PR-2026-000442,2026-02-06,Plant-01,Line-B,MC-202,Day,PRD-D400,2768,2694,74,49,480,8.12
PR-2026-000443,2026-02-06,Plant-01,Line-B,MC-202,Evening,PRD-D400,3155,3048,107,43,480,8.05
PR-2026-000444,2026-02-06,Plant-01,Line-B,MC-202,Night,PRD-D400,2924,2894,30,60,480,8.35
PR-2026-000445,2026-02-07,Plant-01,Line-A,MC-101,Day,PRD-A100,5055,4876,179,37,480,4.74
PR-2026-000446,2026-02-07,Plant-01,Line-A,MC-101,Evening,PRD-A100,5674,5626,48,12,480,4.77
PR-2026-000447,2026-02-07,Plant-01,Line-A,MC-101,Night,PRD-A100,4771,4735,36,57,480,4.66
PR-2026-000448,2026-02-07,Plant-01,Line-A,MC-102,Day,PRD-B200,3802,3753,49,45,480,6.26
PR-2026-000449,2026-02-07,Plant-01,Line-A,MC-102,Evening,PRD-B200,3921,3809,112,39,480,6.48
PR-2026-000450,2026-02-07,Plant-01,Line-A,MC-102,Night,PRD-B200,3839,3822,17,6,480,6.46
PR-2026-000451,2026-02-07,Plant-01,Line-B,MC-201,Day,PRD-C300,7893,7629,264,7,480,3.37
PR-2026-000452,2026-02-07,Plant-01,Line-B,MC-201,Evening,PRD-C300,7610,7502,108,19,480,3.46
PR-2026-000453,2026-02-07,Plant-01,Line-B,MC-201,Night,PRD-C300,6675,6612,63,45,480,3.46
PR-2026-000454,2026-02-07,Plant-01,Line-B,MC-202,Day,PRD-D400,2993,2876,117,12,480,7.9
PR-2026-000455,2026-02-07,Plant-01,Line-B,MC-202,Evening,PRD-D400,2765,2729,36,47,480,7.94
PR-2026-000456,2026-02-07,Plant-01,Line-B,MC-202,Night,PRD-D400,3464,3442,22,2,480,7.81
PR-2026-000457,2026-02-08,Plant-01,Line-A,MC-101,Day,PRD-A100,5866,5707,159,6,480,4.65
PR-2026-000458,2026-02-08,Plant-01,Line-A,MC-101,Evening,PRD-A100,4464,4424,40,41,480,5.05
PR-2026-000459,2026-02-08,Plant-01,Line-A,MC-101,Night,PRD-A100,4913,4872,41,52,480,4.71
PR-2026-000460,2026-02-08,Plant-01,Line-A,MC-102,Day,PRD-B200,3844,3714,130,25,480,6.31
PR-2026-000461,2026-02-08,Plant-01,Line-A,MC-102,Evening,PRD-B200,4282,4179,103,-15,480,6.07
PR-2026-000462,2026-02-08,Plant-01,Line-A,MC-102,Night,PRD-B200,3311,3281,30,59,480,6.49
PR-2026-000463,2026-02-08,Plant-01,Line-B,MC-201,Day,PRD-C300,7617,7510,107,1,480,3.54
PR-2026-000464,2026-02-08,Plant-01,Line-B,MC-201,Evening,PRD-C300,6739,6681,58,47,480,3.56
PR-2026-000465,2026-02-08,Plant-01,Line-B,MC-201,Night,PRD-C300,6841,6759,82,39,480,3.57
PR-2026-000466,2026-02-08,Plant-01,Line-B,MC-202,Day,PRD-D400,3390,3298,92,19,480,7.79
PR-2026-000467,2026-02-08,Plant-01,Line-B,MC-202,Evening,PRD-D400,3028,2979,49,44,480,7.96
PR-2026-000468,2026-02-08,Plant-01,Line-B,MC-202,Night,PRD-D400,3086,2997,89,23,480,8.21
PR-2026-000469,2026-02-09,Plant-01,Line-A,MC-101,Day,PRD-A100,4670,4499,171,43,480,4.89
PR-2026-000470,2026-02-09,Plant-01,Line-A,MC-101,Evening,PRD-A100,5244,5194,50,3,480,4.97
PR-2026-000471,2026-02-09,Plant-01,Line-A,MC-101,Night,PRD-A100,4824,4747,77,51,480,4.9
PR-2026-000472,2026-02-09,Plant-01,Line-A,MC-102,Day,PRD-B200,3595,3564,31,62,480,6.23
PR-2026-000473,2026-02-09,Plant-01,Line-A,MC-102,Evening,PRD-B200,4120,3999,121,23,480,6.27
PR-2026-000474,2026-02-09,Plant-01,Line-A,MC-102,Night,PRD-B200,3686,3600,86,45,480,6.22
PR-2026-000475,2026-02-09,Plant-01,Line-B,MC-201,Day,PRD-C300,6322,6135,187,43,480,3.61
PR-2026-000476,2026-02-09,Plant-01,Line-B,MC-201,Evening,PRD-C300,6551,6490,61,41,480,3.59
PR-2026-000477,2026-02-09,Plant-01,Line-B,MC-201,Night,PRD-C300,6094,5927,167,57,480,3.64
PR-2026-000478,2026-02-09,Plant-01,Line-B,MC-202,Day,PRD-D400,2793,2739,54,41,480,8.06
PR-2026-000479,2026-02-09,Plant-01,Line-B,MC-202,Evening,PRD-D400,3221,3185,36,41,480,7.82
PR-2026-000480,2026-02-09,Plant-01,Line-B,MC-202,Night,PRD-D400,3171,3102,69,59,480,7.7
PR-2026-000481,2026-02-10,Plant-01,Line-A,MC-101,Day,PRD-A100,4925,4765,160,47,480,4.68
PR-2026-000482,2026-02-10,Plant-01,Line-A,MC-101,Evening,PRD-A100,4677,4606,71,56,480,4.8
PR-2026-000483,2026-02-10,Plant-01,Line-A,MC-101,Night,PRD-A100,4690,4627,63,33,480,4.85
PR-2026-000484,2026-02-10,Plant-01,Line-A,MC-102,Day,PRD-B200,3914,3819,95,5,480,6.12
PR-2026-000485,2026-02-10,Plant-01,Line-A,MC-102,Evening,PRD-B200,3706,3647,59,40,480,6.53
PR-2026-000486,2026-02-10,Plant-01,Line-A,MC-102,Night,PRD-B200,3631,3543,88,50,480,6.06
PR-2026-000487,2026-02-10,Plant-01,Line-B,MC-201,Day,PRD-C300,6677,6620,57,49,480,3.64
PR-2026-000488,2026-02-10,Plant-01,Line-B,MC-201,Evening,PRD-C300,7215,7008,207,9,480,3.68
PR-2026-000489,2026-02-10,Plant-01,Line-B,MC-201,Night,PRD-C300,6754,6626,128,55,480,3.48
PR-2026-000490,2026-02-10,Plant-01,Line-B,MC-202,Day,PRD-D400,2941,2842,99,15,480,8.27
PR-2026-000491,2026-02-10,Plant-01,Line-B,MC-202,Evening,PRD-D400,2668,2590,78,50,480,8.24
PR-2026-000492,2026-02-10,Plant-01,Line-B,MC-202,Night,PRD-D400,2671,2648,23,62,480,8.08
PR-2026-000493,2026-02-11,Plant-01,Line-A,MC-101,Day,PRD-A100,4736,4698,38,29,480,5.08
PR-2026-000494,2026-02-11,Plant-01,Line-A,MC-101,Evening,PRD-A100,4720,4677,43,48,480,4.86
PR-2026-000495,2026-02-11,Plant-01,Line-A,MC-101,Night,PRD-A100,4744,4575,169,26,480,4.85
PR-2026-000496,2026-02-11,Plant-01,Line-A,MC-102,Day,PRD-B200,3714,3677,37,56,480,6.22
PR-2026-000497,2026-02-11,Plant-01,Line-A,MC-102,Evening,PRD-B200,3764,3664,100,13,480,6.51
PR-2026-000498,2026-02-11,Plant-01,Line-A,MC-102,Night,PRD-B200,3354,3294,60,58,480,6.53
PR-2026-000499,2026-02-11,Plant-01,Line-B,MC-201,Day,PRD-C300,7163,7012,151,44,480,3.42
PR-2026-000500,2026-02-11,Plant-01,Line-B,MC-201,Evening,PRD-C300,7083,6962,121,25,480,3.6
PR-2026-000501,2026-02-11,Plant-01,Line-B,MC-201,Night,PRD-C300,7227,6997,230,17,480,3.49
PR-2026-000502,2026-02-11,Plant-01,Line-B,MC-202,Day,PRD-D400,2993,2916,77,65,480,7.95
PR-2026-000503,2026-02-11,Plant-01,Line-B,MC-202,Evening,PRD-D400,3426,3321,105,4,480,7.8
PR-2026-000504,2026-02-11,Plant-01,Line-B,MC-202,Night,PRD-D400,2954,2875,79,42,480,8
PR-2026-000505,2026-02-12,Plant-01,Line-A,MC-101,Day,PRD-A100,5386,5198,188,31,480,4.66
PR-2026-000506,2026-02-12,Plant-01,Line-A,MC-101,Evening,PRD-A100,4792,4699,93,51,480,4.64
PR-2026-000507,2026-02-12,Plant-01,Line-A,MC-101,Night,PRD-A100,5289,5214,75,9,480,4.66
PR-2026-000508,2026-02-12,Plant-01,Line-A,MC-102,Day,PRD-B200,3967,3871,96,39,480,5.99
PR-2026-000509,2026-02-12,Plant-01,Line-A,MC-102,Evening,PRD-B200,3817,3714,103,11,480,6.21
PR-2026-000510,2026-02-12,Plant-01,Line-A,MC-102,Night,PRD-B200,4045,3902,143,15,480,6.27
PR-2026-000511,2026-02-12,Plant-01,Line-B,MC-201,Day,PRD-C300,7097,6979,118,2,480,3.48
PR-2026-000512,2026-02-12,Plant-01,Line-B,MC-201,Evening,PRD-C300,6468,6356,112,28,480,3.56
PR-2026-000513,2026-02-12,Plant-01,Line-B,MC-201,Night,PRD-C300,7107,6955,152,24,480,3.51
PR-2026-000514,2026-02-12,Plant-01,Line-B,MC-202,Day,PRD-D400,2704,2622,82,51,480,8.09
PR-2026-000515,2026-02-12,Plant-01,Line-B,MC-202,Evening,PRD-D400,2871,2762,109,2,480,8.45
PR-2026-000516,2026-02-12,Plant-01,Line-B,MC-202,Night,PRD-D400,3269,3143,126,26,480,7.7
PR-2026-000517,2026-02-13,Plant-01,Line-A,MC-101,Day,PRD-A100,5020,4988,32,16,480,5.02
PR-2026-000518,2026-02-13,Plant-01,Line-A,MC-101,Evening,PRD-A100,5667,5553,114,12,480,4.74
PR-2026-000519,2026-02-13,Plant-01,Line-A,MC-101,Night,PRD-A100,5601,5401,200,1,480,4.77
PR-2026-000520,2026-02-13,Plant-01,Line-A,MC-102,Day,PRD-B200,4063,3990,73,49,480,5.98
PR-2026-000521,2026-02-13,Plant-01,Line-A,MC-102,Evening,PRD-B200,4079,4009,70,7,480,6.21
PR-2026-000522,2026-02-13,Plant-01,Line-A,MC-102,Night,PRD-B200,3791,3763,28,46,480,6.01
PR-2026-000523,2026-02-13,Plant-01,Line-B,MC-201,Day,PRD-C300,7728,7524,204,3,480,3.48
PR-2026-000524,2026-02-13,Plant-01,Line-B,MC-201,Evening,PRD-C300,7509,7245,264,32,480,3.4
PR-2026-000525,2026-02-13,Plant-01,Line-B,MC-201,Night,PRD-C300,7656,7486,170,7,480,3.53
PR-2026-000526,2026-02-13,Plant-01,Line-B,MC-202,Day,PRD-D400,3195,3085,110,49,480,7.7
PR-2026-000527,2026-02-13,Plant-01,Line-B,MC-202,Evening,PRD-D400,3172,3078,94,27,480,8.09
PR-2026-000528,2026-02-13,Plant-01,Line-B,MC-202,Night,PRD-D400,3236,3199,37,13,480,7.81
PR-2026-000529,2026-02-14,Plant-01,Line-A,MC-101,Day,PRD-A100,4755,4729,26,25,480,5.04
PR-2026-000530,2026-02-14,Plant-01,Line-A,MC-101,Evening,PRD-A100,4414,4368,46,61,480,4.97
PR-2026-000531,2026-02-14,Plant-01,Line-A,MC-101,Night,PRD-A100,4620,4449,171,38,480,4.97
PR-2026-000532,2026-02-14,Plant-01,Line-A,MC-102,Day,PRD-B200,3727,3700,27,47,480,6.29
PR-2026-000533,2026-02-14,Plant-01,Line-A,MC-102,Evening,PRD-B200,4249,4126,123,3,480,6.02
PR-2026-000534,2026-02-14,Plant-01,Line-A,MC-102,Night,PRD-B200,3962,3875,87,24,480,6.38
PR-2026-000535,2026-02-14,Plant-01,Line-B,MC-201,Day,PRD-C300,6323,6162,161,46,480,3.56
PR-2026-000536,2026-02-14,Plant-01,Line-B,MC-201,Evening,PRD-C300,6074,5988,86,61,480,3.7
PR-2026-000537,2026-02-14,Plant-01,Line-B,MC-201,Night,PRD-C300,7260,7213,47,0,480,3.46
PR-2026-000538,2026-02-14,Plant-01,Line-B,MC-202,Day,PRD-D400,2983,2936,47,5,480,8.21
PR-2026-000539,2026-02-14,Plant-01,Line-B,MC-202,Evening,PRD-D400,2607,2544,63,65,480,0
PR-2026-000540,2026-02-14,Plant-01,Line-B,MC-202,Night,PRD-D400,2844,2739,105,60,480,7.73
PR-2026-000541,2026-02-15,Plant-01,Line-A,MC-101,Day,PRD-A100,4980,4810,170,58,480,4.74
PR-2026-000542,2026-02-15,Plant-01,Line-A,MC-101,Evening,PRD-A100,4749,4644,105,57,480,4.91
PR-2026-000543,2026-02-15,Plant-01,Line-A,MC-101,Night,PRD-A100,4726,4630,96,54,480,4.93
PR-2026-000544,2026-02-15,Plant-01,Line-A,MC-102,Day,PRD-B200,3775,3628,147,32,480,6.55
PR-2026-000545,2026-02-15,Plant-01,Line-A,MC-102,Evening,PRD-B200,3775,3703,72,47,480,6.23
PR-2026-000546,2026-02-15,Plant-01,Line-A,MC-102,Night,PRD-B200,4459,4427,32,8,480,6.05
PR-2026-000547,2026-02-15,Plant-01,Line-B,MC-201,Day,PRD-C300,7798,7668,130,11,480,3.46
PR-2026-000548,2026-02-15,Plant-01,Line-B,MC-201,Evening,PRD-C300,6176,6075,101,61,480,3.67
PR-2026-000549,2026-02-15,Plant-01,Line-B,MC-201,Night,PRD-C300,6382,6323,59,47,480,3.61
PR-2026-000550,2026-02-15,Plant-01,Line-B,MC-202,Day,PRD-D400,3108,3095,13,41,480,7.9
PR-2026-000551,2026-02-15,Plant-01,Line-B,MC-202,Evening,PRD-D400,2930,2896,34,24,480,8.26
PR-2026-000552,2026-02-15,Plant-01,Line-B,MC-202,Night,PRD-D400,3132,3042,90,55,480,7.78
PR-2026-000553,2026-02-16,Plant-01,Line-A,MC-101,Day,PRD-A100,5006,4846,160,30,480,4.87
PR-2026-000554,2026-02-16,Plant-01,Line-A,MC-101,Evening,PRD-A100,4527,4486,41,42,480,5.03
PR-2026-000555,2026-02-16,Plant-01,Line-A,MC-101,Night,PRD-A100,5639,5482,157,8,480,4.81
PR-2026-000556,2026-02-16,Plant-01,Line-A,MC-102,Day,PRD-B200,3595,3540,55,49,480,6.24
PR-2026-000557,2026-02-16,Plant-01,Line-A,MC-102,Evening,PRD-B200,3721,3612,109,13,480,6.51
PR-2026-000558,2026-02-16,Plant-01,Line-A,MC-102,Night,PRD-B200,3825,3725,100,2,480,6.41
PR-2026-000559,2026-02-16,Plant-01,Line-B,MC-201,Day,PRD-C300,6691,6459,232,54,480,3.54
PR-2026-000560,2026-02-16,Plant-01,Line-B,MC-201,Evening,PRD-C300,6418,6260,158,63,480,3.52
PR-2026-000561,2026-02-16,Plant-01,Line-B,MC-201,Night,PRD-C300,7472,7369,103,38,480,3.43
PR-2026-000562,2026-02-16,Plant-01,Line-B,MC-202,Day,PRD-D400,3450,3426,24,10,480,7.7
PR-2026-000563,2026-02-16,Plant-01,Line-B,MC-202,Evening,PRD-D400,3114,3054,60,7,480,8.08
PR-2026-000564,2026-02-16,Plant-01,Line-B,MC-202,Night,PRD-D400,2763,2736,27,56,480,8.35
PR-2026-000565,2026-02-17,Plant-01,Line-A,MC-101,Day,PRD-A100,4617,4492,125,24,480,4.98
PR-2026-000566,2026-02-17,Plant-01,Line-A,MC-101,Evening,PRD-A100,5526,5315,211,4,480,4.69
PR-2026-000567,2026-02-17,Plant-01,Line-A,MC-101,Night,PRD-A100,4627,4594,33,35,480,4.95
PR-2026-000568,2026-02-17,Plant-01,Line-A,MC-102,Day,PRD-B200,4146,4011,135,38,480,5.99
PR-2026-000569,2026-02-17,Plant-01,Line-A,MC-102,Evening,PRD-B200,3923,3841,82,12,480,6.19
PR-2026-000570,2026-02-17,Plant-01,Line-A,MC-102,Night,PRD-B200,3410,3359,51,65,480,6.26
PR-2026-000571,2026-02-17,Plant-01,Line-B,MC-201,Day,PRD-C300,6660,6559,101,64,480,3.38
PR-2026-000572,2026-02-17,Plant-01,Line-B,MC-201,Evening,PRD-C300,6843,6707,136,62,480,3.5
PR-2026-000573,2026-02-17,Plant-01,Line-B,MC-201,Night,PRD-C300,7706,7674,32,5,480,3.57
PR-2026-000574,2026-02-17,Plant-01,Line-B,MC-202,Day,PRD-D400,2960,2906,54,45,480,8.2
PR-2026-000575,2026-02-17,Plant-01,Line-B,MC-202,Evening,PRD-D400,2588,2544,44,56,480,8.27
PR-2026-000576,2026-02-17,Plant-01,Line-B,MC-202,Night,PRD-D400,2886,2789,97,38,480,7.88
PR-2026-000577,2026-02-18,Plant-01,Line-A,MC-101,Day,PRD-A100,5444,5322,122,8,480,5.03
PR-2026-000578,2026-02-18,Plant-01,Line-A,MC-101,Evening,PRD-A100,5222,5041,181,0,480,4.64
PR-2026-000579,2026-02-18,Plant-01,Line-A,MC-101,Night,PRD-A100,5343,5174,169,9,480,5.07
PR-2026-000580,2026-02-18,Plant-01,Line-A,MC-102,Day,PRD-B200,3919,3891,28,52,480,6.27
PR-2026-000581,2026-02-18,Plant-01,Line-A,MC-102,Evening,PRD-B200,4098,4080,18,35,480,6.31
PR-2026-000582,2026-02-18,Plant-01,Line-A,MC-102,Night,PRD-B200,4198,4107,91,11,480,6.04
PR-2026-000583,2026-02-18,Plant-01,Line-B,MC-201,Day,PRD-C300,6232,6050,182,59,480,3.43
PR-2026-000584,2026-02-18,Plant-01,Line-B,MC-201,Evening,PRD-C300,7437,7148,289,15,480,3.44
PR-2026-000585,2026-02-18,Plant-01,Line-B,MC-201,Night,PRD-C300,7074,6870,204,22,480,3.36
PR-2026-000586,2026-02-18,Plant-01,Line-B,MC-202,Day,PRD-D400,2878,2821,57,41,480,7.88
PR-2026-000587,2026-02-18,Plant-01,Line-B,MC-202,Evening,PRD-D400,3361,3254,107,6,480,8.06
PR-2026-000588,2026-02-18,Plant-01,Line-B,MC-202,Night,PRD-D400,2904,2792,112,16,480,8.21
PR-2026-000589,2026-02-19,Plant-01,Line-A,MC-101,Day,PRD-A100,4497,4464,33,56,480,4.82
PR-2026-000590,2026-02-19,Plant-01,Line-A,MC-101,Evening,PRD-A100,4821,4711,110,35,480,4.9
PR-2026-000591,2026-02-19,Plant-01,Line-A,MC-101,Night,PRD-A100,4752,4682,70,49,480,4.61
PR-2026-000592,2026-02-19,Plant-01,Line-A,MC-102,Day,PRD-B200,3827,3696,131,35,480,6
PR-2026-000593,2026-02-19,Plant-01,Line-A,MC-102,Evening,PRD-B200,3654,3626,28,38,480,6.12
PR-2026-000594,2026-02-19,Plant-01,Line-A,MC-102,Night,PRD-B200,4263,4163,100,0,480,6.38
PR-2026-000595,2026-02-19,Plant-01,Line-B,MC-201,Day,PRD-C300,6568,6450,118,58,480,3.47
PR-2026-000596,2026-02-19,Plant-01,Line-B,MC-201,Evening,PRD-C300,6991,6918,73,32,480,3.68
PR-2026-000597,2026-02-19,Plant-01,Line-B,MC-201,Night,PRD-C300,6782,6595,187,22,480,3.46
PR-2026-000598,2026-02-19,Plant-01,Line-B,MC-202,Day,PRD-D400,2837,2790,47,56,480,8.44
PR-2026-000599,2026-02-19,Plant-01,Line-B,MC-202,Evening,PRD-D400,2949,2856,93,45,480,8.08
PR-2026-000600,2026-02-19,Plant-01,Line-B,MC-202,Night,PRD-D400,2811,2729,82,16,480,8.43
PR-2026-000601,2026-02-20,Plant-01,Line-A,MC-101,Day,PRD-A100,5225,5044,181,40,480,4.66
PR-2026-000602,2026-02-20,Plant-01,Line-A,MC-101,Evening,PRD-A100,4584,4481,103,26,480,5.01
PR-2026-000603,2026-02-20,Plant-01,Line-A,MC-101,Night,PRD-A100,5042,4862,180,10,480,5.07
PR-2026-000604,2026-02-20,Plant-01,Line-A,MC-102,Day,PRD-B200,3392,3343,49,63,480,6.2
PR-2026-000605,2026-02-20,Plant-01,Line-A,MC-102,Evening,PRD-B200,3746,3714,32,47,480,6.2
PR-2026-000606,2026-02-20,Plant-01,Line-A,MC-102,Night,PRD-B200,3461,3357,104,56,480,6.48
PR-2026-000607,2026-02-20,Plant-01,Line-B,MC-201,Day,PRD-C300,6637,6419,218,16,480,3.68
PR-2026-000608,2026-02-20,Plant-01,Line-B,MC-201,Evening,PRD-C300,6484,6448,36,22,480,3.59
PR-2026-000609,2026-02-20,Plant-01,Line-B,MC-201,Night,PRD-C300,6392,6187,205,61,480,3.67
PR-2026-000610,2026-02-20,Plant-01,Line-B,MC-202,Day,PRD-D400,3124,3079,45,23,480,7.75
PR-2026-000611,2026-02-20,Plant-01,Line-B,MC-202,Evening,PRD-D400,2990,2894,96,56,480,8.21
PR-2026-000612,2026-02-20,Plant-01,Line-B,MC-202,Night,PRD-D400,3402,3274,128,2,480,7.78
PR-2026-000613,2026-02-21,Plant-01,Line-A,MC-101,Day,PRD-A100,4990,4874,116,17,480,4.91
PR-2026-000614,2026-02-21,Plant-01,Line-A,MC-101,Evening,PRD-A100,4675,4548,127,59,480,4.8
PR-2026-000615,2026-02-21,Plant-01,Line-A,MC-101,Night,PRD-A100,5307,5148,159,24,480,4.92
PR-2026-000616,2026-02-21,Plant-01,Line-A,MC-102,Day,PRD-B200,3945,3830,115,44,480,6.4
PR-2026-000617,2026-02-30,Plant-01,Line-A,MC-102,Evening,PRD-B200,4280,4214,66,6,480,6.26
PR-2026-000618,2026-02-21,Plant-01,Line-A,MC-102,Night,PRD-B200,3741,3604,137,33,480,6.08
PR-2026-000619,2026-02-21,Plant-01,Line-B,MC-201,Day,PRD-C300,6558,6305,253,44,480,3.4
PR-2026-000620,2026-02-21,Plant-01,Line-B,MC-201,Evening,PRD-C300,6514,6283,231,42,480,3.45
PR-2026-000621,2026-02-21,Plant-01,Line-B,MC-201,Night,PRD-C300,7417,7316,101,9,480,3.63
PR-2026-000622,2026-02-21,Plant-01,Line-B,MC-202,Day,PRD-D400,2812,2737,75,50,480,7.86
PR-2026-000623,2026-02-21,Plant-01,Line-B,MC-202,Evening,PRD-D400,2950,2910,40,13,480,8.38
PR-2026-000624,2026-02-21,Plant-01,Line-B,MC-202,Night,PRD-D400,3096,3033,63,14,480,8.03
PR-2026-000625,2026-02-22,Plant-01,Line-A,MC-101,Day,PRD-A100,5851,5791,60,8,480,4.64
PR-2026-000626,2026-02-22,Plant-01,Line-A,MC-101,Evening,PRD-A100,5338,5152,186,2,480,4.86
PR-2026-000627,2026-02-22,Plant-01,Line-A,MC-101,Night,PRD-A100,5177,5097,80,25,480,4.96
PR-2026-000628,2026-02-22,Plant-01,Line-A,MC-102,Day,PRD-B200,4102,3994,108,25,480,6.28
PR-2026-000629,2026-02-22,Plant-01,Line-A,MC-102,Evening,PRD-B200,4042,3886,156,38,480,6.15
PR-2026-000630,2026-02-22,Plant-01,Line-A,MC-102,Night,PRD-B200,3795,3662,133,62,480,6.16
PR-2026-000631,2026-02-22,Plant-01,Line-B,MC-201,Day,PRD-C300,6224,6134,90,52,480,3.7
PR-2026-000632,2026-02-22,Plant-01,Line-B,MC-201,Evening,PRD-C300,7141,7015,126,7,480,3.44
PR-2026-000633,2026-02-22,Plant-01,Line-B,MC-201,Night,PRD-C300,7123,6975,148,15,480,3.52
PR-2026-000634,2026-02-22,Plant-01,Line-B,MC-202,Day,PRD-D400,2758,2718,40,63,480,8.06
PR-2026-000635,2026-02-22,Plant-01,Line-B,MC-202,Evening,PRD-D400,3034,2944,90,26,480,8.36
PR-2026-000636,2026-02-22,Plant-01,Line-B,MC-202,Night,PRD-D400,2888,2791,97,17,480,8.36
PR-2026-000637,2026-02-23,Plant-01,Line-A,MC-101,Day,PRD-A100,5007,4927,80,29,480,4.61
PR-2026-000638,2026-02-23,Plant-01,Line-A,MC-101,Evening,PRD-A100,5235,5047,188,32,480,4.65
PR-2026-000639,2026-02-23,Plant-01,Line-A,MC-101,Night,PRD-A100,4871,4703,168,34,480,4.96
PR-2026-000640,2026-02-23,Plant-01,Line-A,MC-102,Day,PRD-B200,3888,3764,124,54,480,6.15
PR-2026-000641,2026-02-23,Plant-01,Line-A,MC-102,Evening,PRD-B200,4165,4099,66,26,480,5.95
PR-2026-000642,2026-02-23,Plant-01,Line-A,MC-102,Night,PRD-B200,4144,4036,108,27,480,6.3
PR-2026-000643,2026-02-23,Plant-01,Line-B,MC-201,Day,PRD-C300,8009,7922,87,9,480,3.36
PR-2026-000644,2026-02-23,Plant-01,Line-B,MC-201,Evening,PRD-C300,6912,6768,144,9,480,3.59
PR-2026-000645,2026-02-23,Plant-01,Line-B,MC-201,Night,PRD-C300,6601,6377,224,65,480,3.57
PR-2026-000646,2026-02-23,Plant-01,Line-B,MC-202,Day,PRD-D400,2960,2875,85,14,480,8.22
PR-2026-000647,2026-02-23,Plant-01,Line-B,MC-202,Evening,PRD-D400,2853,2742,111,38,480,7.92
PR-2026-000648,2026-02-23,Plant-01,Line-B,MC-202,Night,PRD-D400,3067,3004,63,38,480,8.08
PR-2026-000649,2026-02-24,Plant-01,Line-A,MC-101,Day,PRD-A100,4817,4785,32,20,480,4.87
PR-2026-000650,2026-02-24,Plant-01,Line-A,MC-101,Evening,PRD-A100,4996,4937,59,4,480,4.92
PR-2026-000651,2026-02-24,Plant-01,Line-A,MC-101,Night,PRD-A100,5163,5056,107,22,480,4.91
PR-2026-000652,2026-02-24,Plant-01,Line-A,MC-102,Day,PRD-B200,3708,3596,112,32,480,6.47
PR-2026-000653,2026-02-24,Plant-01,Line-A,MC-102,Evening,PRD-B200,3777,3742,35,60,480,6
PR-2026-000654,2026-02-24,Plant-01,Line-A,MC-102,Night,PRD-B200,3837,3716,121,61,480,6.23
PR-2026-000655,2026-02-24,Plant-01,Line-B,MC-201,Day,PRD-C300,7411,7276,135,22,480,3.44
PR-2026-000656,2026-02-24,Plant-01,Line-B,MC-201,Evening,PRD-C300,6354,6150,204,64,480,3.39
PR-2026-000657,2026-02-24,Plant-01,Line-B,MC-201,Night,PRD-C300,6402,6232,170,40,480,3.63
PR-2026-000658,2026-02-24,Plant-01,Line-B,MC-202,Day,PRD-D400,3116,3030,86,12,480,8.45
PR-2026-000659,2026-02-24,Plant-01,Line-B,MC-202,Evening,PRD-D400,2960,2863,97,49,480,8.3
PR-2026-000660,2026-02-24,Plant-01,Line-B,MC-202,Night,PRD-D400,3000,2933,67,43,480,7.88
PR-2026-000661,2026-02-25,Plant-01,Line-A,MC-101,Day,PRD-A100,5130,5104,26,39,480,4.89
PR-2026-000662,2026-02-25,Plant-01,Line-A,MC-101,Evening,PRD-A100,4677,4539,138,50,480,4.82
PR-2026-000663,2026-02-25,Plant-01,Line-A,MC-101,Night,PRD-A100,5049,5003,46,19,480,4.78
PR-2026-000664,2026-02-25,Plant-01,Line-A,MC-102,Day,PRD-B200,3410,3377,33,45,480,6.43
PR-2026-000665,2026-02-25,Plant-01,Line-A,MC-102,Evening,PRD-B200,3537,3519,18,54,480,6.43
PR-2026-000666,2026-02-25,Plant-01,Line-A,MC-102,Night,PRD-B200,4114,3957,157,43,480,5.98
PR-2026-000667,2026-02-25,Plant-01,Line-B,MC-201,Day,PRD-C300,6722,6477,245,47,480,3.41
PR-2026-000668,2026-02-25,Plant-01,Line-B,MC-201,Evening,PRD-C300,6628,6569,59,37,480,3.47
PR-2026-000669,2026-02-25,Plant-01,Line-B,MC-201,Night,PRD-C300,7657,7411,246,1,480,3.45
PR-2026-000670,2026-02-25,Plant-01,Line-B,MC-202,Day,PRD-D400,3044,2993,51,3,480,7.9
PR-2026-000671,2026-02-25,Plant-01,Line-B,MC-202,Evening,PRD-D400,2815,2710,105,45,480,7.81
PR-2026-000672,2026-02-25,Plant-01,Line-B,MC-202,Night,PRD-D400,3125,3015,110,33,480,7.75
PR-2026-000673,2026-02-26,Plant-01,Line-A,MC-101,Day,PRD-A100,5389,5314,75,35,480,4.75
PR-2026-000674,2026-02-26,Plant-01,Line-A,MC-101,Evening,PRD-A100,5292,5201,91,11,480,4.68
PR-2026-000675,2026-02-26,Plant-01,Line-A,MC-101,Night,PRD-A100,5112,5080,32,19,480,5.05
PR-2026-000676,2026-02-26,Plant-01,Line-A,MC-102,Day,PRD-B200,3690,3564,126,36,480,6.23
PR-2026-000677,2026-02-26,Plant-01,Line-A,MC-102,Evening,PRD-B200,3970,3831,139,24,480,6
PR-2026-000678,2026-02-26,Plant-01,Line-A,MC-102,Night,PRD-B200,3666,3534,132,33,480,6.4
PR-2026-000679,2026-02-26,Plant-01,Line-B,MC-201,Day,PRD-C300,6592,6440,152,20,480,3.65
PR-2026-000680,2026-02-26,Plant-01,Line-B,MC-201,Evening,PRD-C300,7394,7211,183,0,480,3.61
PR-2026-000681,2026-02-26,Plant-01,Line-B,MC-201,Night,PRD-C300,7201,6945,256,9,480,3.46
PR-2026-000682,2026-02-26,Plant-01,Line-B,MC-202,Day,PRD-D400,2871,2858,13,55,480,8.38
PR-2026-000683,2026-02-26,Plant-01,Line-B,MC-202,Evening,PRD-D400,3180,3139,41,40,480,8
PR-2026-000684,2026-02-26,Plant-01,Line-B,MC-202,Night,PRD-D400,2908,2883,25,60,480,7.79
PR-2026-000685,2026-02-27,Plant-01,Line-A,MC-101,Day,PRD-A100,5313,5250,63,30,480,4.81
PR-2026-000686,2026-02-27,Plant-01,Line-A,MC-101,Evening,PRD-A100,5429,5374,55,5,480,4.65
PR-2026-000687,2026-02-27,Plant-01,Line-A,MC-101,Night,PRD-A100,4559,4391,168,62,480,5.08
PR-2026-000688,2026-02-27,Plant-01,Line-A,MC-102,Day,PRD-B200,4022,3870,152,30,480,6.35
PR-2026-000689,2026-02-27,Plant-01,Line-A,MC-102,Evening,PRD-B200,3504,3445,59,48,480,6.46
PR-2026-000690,2026-02-27,Plant-01,Line-A,MC-102,Night,PRD-B200,4148,4004,144,22,480,6.19
PR-2026-000691,2026-02-27,Plant-01,Line-B,MC-201,Day,PRD-C300,6622,6507,115,61,480,3.55
PR-2026-000692,2026-02-27,Plant-01,Line-B,MC-201,Evening,PRD-C300,6638,6381,257,58,480,3.49
PR-2026-000693,2026-02-27,Plant-01,Line-B,MC-201,Night,PRD-C300,6611,6408,203,54,480,3.43
PR-2026-000694,2026-02-27,Plant-01,Line-B,MC-202,Day,PRD-D400,3052,2966,86,35,480,7.98
PR-2026-000695,2026-02-27,Plant-01,Line-B,MC-202,Evening,,3525,3406,119,5,480,7.7
PR-2026-000696,2026-02-27,Plant-01,Line-B,MC-202,Night,PRD-D400,2918,2866,52,43,480,7.73
PR-2026-000697,2026-02-28,Plant-01,Line-A,MC-101,Day,PRD-A100,5080,5042,38,16,480,4.81
PR-2026-000698,2026-02-28,Plant-01,Line-A,MC-101,Evening,PRD-A100,5267,5126,141,16,480,4.66
PR-2026-000699,2026-02-28,Plant-01,Line-A,MC-101,Night,PRD-A100,4646,4530,116,57,480,4.86
PR-2026-000700,2026-02-28,Plant-01,Line-A,MC-102,Day,PRD-B200,3964,3944,20,40,480,6.17
PR-2026-000701,2026-02-28,Plant-01,Line-A,MC-102,Evening,PRD-B200,3397,3271,126,63,480,6.32
PR-2026-000702,2026-02-28,Plant-01,Line-A,MC-102,Night,PRD-B200,3484,3379,105,49,480,6.32
PR-2026-000703,2026-02-28,Plant-01,Line-B,MC-201,Day,PRD-C300,6424,6214,210,32,480,3.55
PR-2026-000704,2026-02-28,Plant-01,Line-B,MC-201,Evening,PRD-C300,6288,6084,204,61,480,3.57
PR-2026-000705,2026-02-28,Plant-01,Line-B,MC-201,Night,PRD-C300,6925,6867,58,12,480,3.63
PR-2026-000706,2026-02-28,Plant-01,Line-B,MC-202,Day,PRD-D400,3047,2934,113,47,480,8.19
PR-2026-000707,2026-02-28,Plant-01,Line-B,MC-202,Evening,PRD-D400,3257,3155,102,19,480,7.95
PR-2026-000708,2026-02-28,Plant-01,Line-B,MC-202,Night,PRD-D400,2833,2738,95,38,480,8.41
PR-2026-000709,2026-03-01,Plant-01,Line-A,MC-101,Day,PRD-A100,4330,4248,82,58,480,4.98
PR-2026-000710,2026-03-01,Plant-01,Line-A,MC-101,Evening,PRD-A100,5211,5060,151,26,480,4.7
PR-2026-000711,2026-03-01,Plant-01,Line-A,MC-101,Night,PRD-A100,5054,5013,41,2,480,5.05
PR-2026-000712,2026-03-01,Plant-01,Line-A,MC-102,Day,PRD-B200,4018,3880,138,34,480,6.04
PR-2026-000713,2026-03-01,Plant-01,Line-A,MC-102,Evening,PRD-B200,3810,3769,41,36,480,6.18
PR-2026-000714,2026-03-01,Plant-01,Line-A,MC-102,Night,PRD-B200,4026,3984,42,4,480,6.08
PR-2026-000715,2026-03-01,Plant-01,Line-B,MC-201,Day,PRD-C300,6851,6763,88,27,480,3.7
PR-2026-000716,2026-03-01,Plant-01,Line-B,MC-201,Evening,PRD-C300,7083,6814,269,27,480,3.37
PR-2026-000717,2026-03-01,Plant-01,Line-B,MC-201,Night,PRD-C300,7159,7120,39,14,480,3.5
PR-2026-000718,2026-03-01,Plant-01,Line-B,MC-202,Day,PRD-D400,2742,2728,14,38,480,8.48
PR-2026-000719,2026-03-01,Plant-01,Line-B,MC-202,Evening,PRD-D400,3058,3004,54,34,480,8.3
PR-2026-000720,2026-03-01,Plant-01,Line-B,MC-202,Night,PRD-D400,3352,3287,65,0,480,7.76
PR-2026-000721,2026-03-02,Plant-01,Line-A,MC-101,Day,PRD-A100,4821,4799,22,40,480,4.79
PR-2026-000722,2026-03-02,Plant-01,Line-A,MC-101,Evening,PRD-A100,5169,5012,157,22,480,4.97
PR-2026-000723,2026-03-02,Plant-01,Line-A,MC-101,Night,PRD-A100,4695,4537,158,52,480,5.03
PR-2026-000724,2026-03-02,Plant-01,Line-A,MC-102,Day,PRD-B200,3758,3666,92,45,480,6.5
PR-2026-000725,2026-03-02,Plant-01,Line-A,MC-102,Evening,PRD-B200,4261,4217,44,28,480,5.96
PR-2026-000726,2026-03-02,Plant-01,Line-A,MC-102,Night,PRD-B200,3416,3400,16,56,480,6.51
PR-2026-000727,2026-03-02,Plant-01,Line-B,MC-201,Day,PRD-C300,6717,6688,29,14,480,3.69
PR-2026-000728,2026-03-02,Plant-01,Line-B,MC-201,Evening,PRD-C300,7554,7459,95,12,480,3.59
PR-2026-000729,2026-03-02,Plant-01,Line-B,MC-201,Night,PRD-C300,7162,7100,62,7,480,3.48
PR-2026-000730,2026-03-02,Plant-01,Line-B,MC-202,Day,PRD-D400,3117,3092,25,47,480,8
PR-2026-000731,2026-03-02,Plant-01,Line-B,MC-202,Evening,PRD-D400,3126,3108,18,33,480,8.15
PR-2026-000732,2026-03-02,Plant-01,Line-B,MC-202,Night,PRD-D400,2700,2679,21,43,480,8.33
PR-2026-000733,2026-03-03,Plant-01,Line-A,MC-101,Day,PRD-A100,5037,4904,133,3,480,4.78
PR-2026-000734,2026-03-03,Plant-01,Line-A,MC-101,Evening,PRD-A100,4784,4732,52,45,480,4.92
PR-2026-000735,2026-03-03,Plant-01,Line-A,MC-101,Night,PRD-A100,4812,4778,34,59,480,4.64
PR-2026-000736,2026-03-03,Plant-01,Line-A,MC-102,Day,PRD-B200,4021,3913,108,1,480,6.49
PR-2026-000737,2026-03-03,Plant-01,Line-A,MC-102,Evening,PRD-B200,3902,3783,119,15,480,6.12
PR-2026-000738,2026-03-03,Plant-01,Line-A,MC-102,Night,PRD-B200,3629,3587,42,48,480,6.11
PR-2026-000739,2026-03-03,Plant-01,Line-B,MC-201,Day,PRD-C300,7856,7607,249,10,480,3.37
PR-2026-000740,2026-03-03,Plant-01,Line-B,MC-201,Evening,PRD-C300,6686,6446,240,21,480,3.63
PR-2026-000741,2026-03-03,Plant-01,Line-B,MC-201,Night,PRD-C300,7069,6910,159,31,480,3.37
PR-2026-000742,2026-03-03,Plant-01,Line-B,MC-202,Day,PRD-D400,3203,3143,60,14,480,8.14
PR-2026-000743,2026-03-03,Plant-01,Line-B,MC-202,Evening,PRD-D400,2785,2679,106,60,480,7.99
PR-2026-000744,2026-03-03,Plant-01,Line-B,MC-202,Night,PRD-D400,3074,3045,29,35,480,8.3
PR-2026-000745,2026-03-04,Plant-01,Line-A,MC-101,Day,PRD-A100,5094,4961,133,36,480,4.7
PR-2026-000746,2026-03-04,Plant-01,Line-A,MC-101,Evening,PRD-A100,5392,5365,27,29,480,4.74
PR-2026-000747,2026-03-04,Plant-01,Line-A,MC-101,Night,PRD-A100,5012,4991,21,5,480,4.8
PR-2026-000748,2026-03-04,Plant-01,Line-A,MC-102,Day,PRD-B200,3848,3740,108,5,480,6.25
PR-2026-000749,2026-03-04,Plant-01,Line-A,MC-102,Evening,PRD-B200,4092,4052,40,23,480,6.43
PR-2026-000750,2026-03-04,Plant-01,Line-A,MC-102,Night,PRD-B200,3611,3493,118,58,480,6.52
PR-2026-000751,2026-03-04,Plant-01,Line-B,MC-201,Day,PRD-C300,6243,6026,217,54,480,3.51
PR-2026-000752,2026-03-04,Plant-01,Line-B,MC-201,Evening,PRD-C300,6318,6277,41,62,480,3.63
PR-2026-000753,2026-03-04,Plant-01,Line-B,MC-201,Night,PRD-C300,6163,6085,78,64,480,3.44
PR-2026-000754,2026-03-04,Plant-01,Line-B,MC-202,Day,PRD-D400,3026,2963,63,18,480,7.81
PR-2026-000755,2026-03-04,Plant-01,Line-B,MC-202,Evening,PRD-D400,3126,3018,108,4,480,8.41
PR-2026-000756,2026-03-04,Plant-01,Line-B,MC-202,Night,PRD-D400,2756,2742,14,22,480,8.46
PR-2026-000757,2026-03-05,Plant-01,Line-A,MC-101,Day,PRD-A100,5187,4992,195,11,480,4.8
PR-2026-000758,2026-03-05,Plant-01,Line-A,MC-101,Evening,PRD-A100,5183,5090,93,8,480,4.84
PR-2026-000759,2026-03-05,Plant-01,Line-A,MC-101,Night,PRD-A100,5353,5211,142,22,480,4.89
PR-2026-000760,2026-03-05,Plant-01,Line-A,MC-102,Day,PRD-B200,3916,3868,48,25,480,6.34
PR-2026-000761,2026-03-05,Plant-01,Line-A,MC-102,Evening,PRD-B200,3620,3489,131,59,480,6.18
PR-2026-000762,2026-03-05,Plant-01,Line-A,MC-102,Night,PRD-B200,3745,3723,22,50,480,6.47
PR-2026-000763,2026-03-05,Plant-01,Line-B,MC-201,Day,PRD-C300,6233,6160,73,62,480,3.53
PR-2026-000764,2026-03-05,Plant-01,Line-B,MC-201,Evening,PRD-C300,6899,6649,250,29,480,3.39
PR-2026-000765,2026-03-05,Plant-01,Line-B,MC-201,Night,PRD-C300,7118,6988,130,3,480,3.51
PR-2026-000766,2026-03-05,Plant-01,Line-B,MC-202,Day,PRD-D400,2964,2916,48,15,480,8.32
PR-2026-000767,2026-03-05,Plant-01,Line-B,MC-202,Evening,PRD-D400,2848,2778,70,45,480,7.96
PR-2026-000768,2026-03-05,Plant-01,Line-B,MC-202,Night,PRD-D400,2993,2940,53,18,480,8.25
PR-2026-000769,2026-03-06,Plant-01,Line-A,MC-101,Day,PRD-A100,4719,4588,131,60,480,4.82
PR-2026-000770,2026-03-06,Plant-01,Line-A,MC-101,Evening,PRD-A100,4296,4136,160,58,480,4.99
PR-2026-000771,2026-03-06,Plant-01,Line-A,MC-101,Night,PRD-A100,5566,5442,124,19,480,4.65
PR-2026-000772,2026-03-06,Plant-01,Line-A,MC-102,Day,PRD-B200,4096,3964,132,42,480,5.98
PR-2026-000773,2026-03-06,Plant-01,Line-A,MC-102,Evening,PRD-B200,unknown,3675,70,60,480,6.42
PR-2026-000774,2026-03-06,Plant-01,Line-A,MC-102,Night,PRD-B200,3849,3777,72,30,480,6.14
PR-2026-000775,2026-03-06,Plant-01,Line-B,MC-201,Day,PRD-C300,7319,7217,102,27,480,3.54
PR-2026-000776,2026-03-06,Plant-01,Line-B,MC-201,Evening,PRD-C300,7224,7154,70,40,480,3.52
PR-2026-000777,2026-03-06,Plant-01,Line-B,MC-201,Night,PRD-C300,7181,6907,274,29,480,3.51
PR-2026-000778,2026-03-06,Plant-01,Line-B,MC-202,Day,PRD-D400,3283,3178,105,20,480,7.91
PR-2026-000779,2026-03-06,Plant-01,Line-B,MC-202,Evening,PRD-D400,2796,2754,42,48,480,7.91
PR-2026-000780,2026-03-06,Plant-01,Line-B,MC-202,Night,PRD-D400,3144,3101,43,27,480,7.91
PR-2026-000781,2026-03-07,Plant-01,Line-A,MC-101,Day,PRD-A100,4843,4768,75,41,480,4.75
PR-2026-000782,2026-03-07,Plant-01,Line-A,MC-101,Evening,PRD-A100,5499,5438,61,31,480,4.66
PR-2026-000783,2026-03-07,Plant-01,Line-A,MC-101,Night,PRD-A100,4838,4781,57,29,480,5.02
PR-2026-000784,2026-03-07,Plant-01,Line-A,MC-102,Day,PRD-B200,3833,3816,17,28,480,6.3
PR-2026-000785,2026-03-07,Plant-01,Line-A,MC-102,Evening,PRD-B200,4014,3937,77,23,480,6.21
PR-2026-000786,2026-03-07,Plant-01,Line-A,MC-102,Night,PRD-B200,4124,4053,71,5,480,6.41
PR-2026-000787,2026-03-07,Plant-01,Line-B,MC-201,Day,PRD-C300,6946,6885,61,12,480,3.68
PR-2026-000788,2026-03-07,Plant-01,Line-B,MC-201,Evening,PRD-C300,6953,6863,90,1,480,3.64
PR-2026-000789,2026-03-07,Plant-01,Line-B,MC-201,Night,PRD-C300,6202,6164,38,57,480,3.64
PR-2026-000790,2026-03-07,Plant-01,Line-B,MC-202,Day,PRD-D400,3044,2983,61,45,480,7.69
PR-2026-000791,2026-03-07,Plant-01,Line-B,MC-202,Evening,PRD-D400,3321,3246,75,2,480,8.01
PR-2026-000792,2026-03-07,Plant-01,Line-B,MC-202,Night,PRD-D400,3099,3049,50,5,480,8.01
PR-2026-000793,2026-03-08,Plant-01,Line-A,MC-101,Day,PRD-A100,5132,5024,108,52,480,4.64
PR-2026-000794,2026-03-08,Plant-01,Line-A,MC-101,Evening,PRD-A100,4375,4319,56,52,480,5.04
PR-2026-000795,2026-03-08,Plant-01,Line-A,MC-101,Night,PRD-A100,4689,4549,140,27,480,4.93
PR-2026-000796,2026-03-08,Plant-01,Line-A,MC-102,Day,PRD-B200,4238,4079,159,6,480,6.28
PR-2026-000797,2026-03-08,Plant-01,Line-A,MC-102,Evening,PRD-B200,4181,4134,47,12,480,6.08
PR-2026-000798,2026-03-08,Plant-01,Line-A,MC-102,Night,PRD-B200,3779,3711,68,41,480,6.09
PR-2026-000799,2026-03-08,Plant-01,Line-B,MC-201,Day,PRD-C300,6349,6267,82,59,480,3.44
PR-2026-000800,2026-03-08,Plant-01,Line-B,MC-201,Evening,PRD-C300,7219,6959,260,1,480,3.64
PR-2026-000801,2026-03-08,Plant-01,Line-B,MC-201,Night,PRD-C300,6678,6477,201,57,480,3.41
PR-2026-000802,2026-03-08,Plant-01,Line-B,MC-202,Day,PRD-D400,2895,2880,15,31,480,8.43
PR-2026-000803,2026-03-08,Plant-01,Line-B,MC-202,Evening,PRD-D400,2958,2882,76,28,480,8.36
PR-2026-000804,2026-03-08,Plant-01,Line-B,MC-202,Night,PRD-D400,2905,2886,19,48,480,8.46
PR-2026-000805,2026-03-09,Plant-01,Line-A,MC-101,Day,PRD-A100,4540,4371,169,48,480,4.8
PR-2026-000806,2026-03-09,Plant-01,Line-A,MC-101,Evening,PRD-A100,4650,4566,84,60,480,4.99
PR-2026-000807,2026-03-09,Plant-01,Line-A,MC-101,Night,PRD-A100,4699,4661,38,59,480,4.66
PR-2026-000808,2026-03-09,Plant-01,Line-A,MC-102,Day,PRD-B200,3712,3604,108,33,480,6.23
PR-2026-000809,2026-03-09,Plant-01,Line-A,MC-102,Evening,PRD-B200,3810,3746,64,12,480,6.2
PR-2026-000810,2026-03-09,Plant-01,Line-A,MC-102,Night,PRD-B200,3807,3767,40,58,480,6.02
PR-2026-000811,2026-03-09,Plant-01,Line-B,MC-201,Day,PRD-C300,7422,7259,163,46,480,3.38
PR-2026-000812,2026-03-09,Plant-01,Line-B,MC-201,Evening,PRD-C300,7246,7187,59,13,480,3.67
PR-2026-000813,2026-03-09,Plant-01,Line-B,MC-201,Night,PRD-C300,7161,7100,61,60,480,3.38
PR-2026-000814,2026-03-09,Plant-01,Line-B,MC-202,Day,PRD-D400,2848,2756,92,53,480,7.69
PR-2026-000815,2026-03-09,Plant-01,Line-B,MC-202,Evening,PRD-D400,3131,3047,84,30,480,7.75
PR-2026-000816,2026-03-09,Plant-01,Line-B,MC-202,Night,PRD-D400,3196,3148,48,1,480,8.12
PR-2026-000817,2026-03-10,Plant-01,Line-A,MC-101,Day,PRD-A100,4941,4811,130,48,480,4.96
PR-2026-000818,2026-03-10,Plant-01,Line-A,MC-101,Evening,PRD-A100,4671,4505,166,31,480,5.04
PR-2026-000819,2026-03-10,Plant-01,Line-A,MC-101,Night,PRD-A100,4789,4674,115,42,480,5.09
PR-2026-000820,2026-03-10,Plant-01,Line-A,MC-102,Day,PRD-B200,4102,4017,85,8,480,6.12
PR-2026-000821,2026-03-10,Plant-01,Line-A,MC-102,Evening,PRD-B200,4122,4014,108,31,480,6.31
PR-2026-000822,2026-03-10,Plant-01,Line-A,MC-102,Night,PRD-B200,3494,3444,50,35,480,6.51
PR-2026-000823,2026-03-10,Plant-01,Line-B,MC-201,Day,PRD-C300,6584,6333,251,25,480,3.53
PR-2026-000824,2026-03-10,Plant-01,Line-B,MC-201,Evening,PRD-C300,6334,6175,159,50,480,3.52
PR-2026-000825,2026-03-10,Plant-01,Line-B,MC-201,Night,PRD-C300,7557,7336,221,6,480,3.53
PR-2026-000826,2026-03-10,Plant-01,Line-B,MC-202,Day,PRD-D400,3305,3232,73,1,480,8.38
PR-2026-000827,2026-03-10,Plant-01,Line-B,MC-202,Evening,PRD-D400,2774,2691,83,29,480,8.42
PR-2026-000828,2026-03-10,Plant-01,Line-B,MC-202,Night,PRD-D400,2661,2631,30,56,480,8.18
PR-2026-000829,2026-03-11,Plant-01,Line-A,MC-101,Day,PRD-A100,5164,5120,44,36,480,4.95
PR-2026-000830,2026-03-11,Plant-01,Line-A,MC-101,Evening,PRD-A100,5056,4910,146,20,480,4.66
PR-2026-000831,2026-03-11,Plant-01,Line-A,MC-101,Night,PRD-A100,5141,4965,176,60,480,4.69
PR-2026-000832,2026-03-11,Plant-01,Line-A,MC-102,Day,PRD-B200,3885,3817,68,53,480,5.97
PR-2026-000833,2026-03-11,Plant-01,Line-A,MC-102,Evening,PRD-B200,3826,3799,27,33,480,6.08
PR-2026-000834,2026-03-11,Plant-01,Line-A,MC-102,Night,PRD-B200,3886,3751,135,39,480,5.97
PR-2026-000835,2026-03-11,Plant-01,Line-B,MC-201,Day,PRD-C300,7012,6797,215,27,480,3.58
PR-2026-000836,2026-03-11,Plant-01,Line-B,MC-201,Evening,PRD-C300,6728,6664,64,44,480,3.56
PR-2026-000837,2026-03-11,Plant-01,Line-B,MC-201,Night,PRD-C300,7386,7206,180,39,480,3.4
PR-2026-000838,2026-03-11,Plant-01,Line-B,MC-202,Day,PRD-D400,2796,2730,66,52,480,8.03
PR-2026-000839,2026-03-11,Plant-01,Line-B,MC-202,Evening,PRD-D400,3187,3173,14,17,480,7.86
PR-2026-000840,2026-03-11,Plant-01,Line-B,MC-202,Night,PRD-D400,3161,3087,74,17,480,8.43
PR-2026-000841,2026-03-12,Plant-01,Line-A,MC-101,Day,PRD-A100,5373,5203,170,18,480,4.94
PR-2026-000842,2026-03-12,Plant-01,Line-A,MC-101,Evening,PRD-A100,4929,4836,93,47,480,4.64
PR-2026-000843,2026-03-12,Plant-01,Line-A,MC-101,Night,PRD-A100,5037,4968,69,27,480,5.04
PR-2026-000844,2026-03-12,Plant-01,Line-A,MC-102,Day,PRD-B200,4004,3955,49,2,480,6.34
PR-2026-000845,2026-03-12,Plant-01,Line-A,MC-102,Evening,PRD-B200,4510,4371,139,2,480,6.13
PR-2026-000846,2026-03-12,Plant-01,Line-A,MC-102,Night,PRD-B200,4192,4055,137,44,480,5.99
PR-2026-000847,2026-03-12,Plant-01,Line-B,MC-201,Day,PRD-C300,7168,7068,100,26,480,3.49
PR-2026-000848,2026-03-12,Plant-01,Line-B,MC-201,Evening,PRD-C300,6948,6708,240,30,480,3.7
PR-2026-000849,2026-03-12,Plant-01,Line-B,MC-201,Night,PRD-C300,7582,7373,209,15,480,3.49
PR-2026-000850,2026-03-12,Plant-01,Line-B,MC-202,Day,PRD-D400,2852,2787,65,27,480,8.01
PR-2026-000851,2026-03-12,Plant-01,Line-B,MC-202,Evening,PRD-D400,2807,2778,29,600,480,7.87
PR-2026-000852,2026-03-12,Plant-01,Line-B,MC-202,Night,PRD-D400,2885,2800,85,32,480,8.4
PR-2026-000853,2026-03-13,Plant-01,Line-A,MC-101,Day,PRD-A100,5146,5010,136,52,480,4.67
PR-2026-000854,2026-03-13,Plant-01,Line-A,MC-101,Evening,PRD-A100,4985,4871,114,10,480,4.78
PR-2026-000855,2026-03-13,Plant-01,Line-A,MC-101,Night,PRD-A100,4588,4516,72,63,480,4.94
PR-2026-000856,2026-03-13,Plant-01,Line-A,MC-102,Day,PRD-B200,3855,3802,53,44,480,6.37
PR-2026-000857,2026-03-13,Plant-01,Line-A,MC-102,Evening,PRD-B200,3530,3475,55,39,480,6.4
PR-2026-000858,2026-03-13,Plant-01,Line-A,MC-102,Night,PRD-B200,3786,3650,136,34,480,6.02
PR-2026-000859,2026-03-13,Plant-01,Line-B,MC-201,Day,PRD-C300,7437,7168,269,18,480,3.5
PR-2026-000860,2026-03-13,Plant-01,Line-B,MC-201,Evening,PRD-C300,7157,6900,257,6,480,3.59
PR-2026-000861,2026-03-13,Plant-01,Line-B,MC-201,Night,PRD-C300,6911,6823,88,31,480,3.59
PR-2026-000862,2026-03-13,Plant-01,Line-B,MC-202,Day,PRD-D400,2802,2732,70,54,480,7.84
PR-2026-000863,2026-03-13,Plant-01,Line-B,MC-202,Evening,PRD-D400,2878,2797,81,39,480,7.96
PR-2026-000864,2026-03-13,Plant-01,Line-B,MC-202,Night,PRD-D400,3105,3067,38,37,480,7.7
PR-2026-000865,2026-03-14,Plant-01,Line-A,MC-101,Day,PRD-A100,4648,4605,43,59,480,4.93
PR-2026-000866,2026-03-14,Plant-01,Line-A,MC-101,Evening,PRD-A100,5099,5045,54,50,480,4.65
PR-2026-000867,2026-03-14,Plant-01,Line-A,MC-101,Night,PRD-A100,5325,5127,198,24,480,4.94
PR-2026-000868,2026-03-14,Plant-01,Line-A,MC-102,Day,PRD-B200,3852,3728,124,54,480,5.97
PR-2026-000869,2026-03-14,Plant-01,Line-A,MC-102,Evening,PRD-B200,3432,3396,36,46,480,6.4
PR-2026-000870,2026-03-14,Plant-01,Line-A,MC-102,Night,PRD-B200,3509,3433,76,63,480,6.28
PR-2026-000871,2026-03-14,Plant-01,Line-B,MC-201,Day,PRD-C300,6838,6704,134,29,480,3.59
PR-2026-000872,2026-03-14,Plant-01,Line-B,MC-201,Evening,PRD-C300,7000,6841,159,24,480,3.55
PR-2026-000873,2026-03-14,Plant-01,Line-B,MC-201,Night,PRD-C300,6993,6809,184,14,480,3.68
PR-2026-000874,2026-03-14,Plant-01,Line-B,MC-202,Day,PRD-D400,2804,2697,107,23,480,8.4
PR-2026-000875,2026-03-14,Plant-01,Line-B,MC-202,Evening,PRD-D400,2983,2918,65,61,480,7.84
PR-2026-000876,2026-03-14,Plant-01,Line-B,MC-202,Night,PRD-D400,3093,3034,59,8,480,8.41
PR-2026-000877,2026-03-15,Plant-01,Line-A,MC-101,Day,PRD-A100,4843,4818,25,27,480,4.84
PR-2026-000878,2026-03-15,Plant-01,Line-A,MC-101,Evening,PRD-A100,5211,5064,147,55,480,4.73
PR-2026-000879,2026-03-15,Plant-01,Line-A,MC-101,Night,PRD-A100,4786,4648,138,35,480,5.03
PR-2026-000880,2026-03-15,Plant-01,Line-A,MC-102,Day,PRD-B200,3717,3635,82,26,480,6.51
PR-2026-000881,2026-03-15,Plant-01,Line-A,MC-102,Evening,PRD-B200,4021,3941,80,31,480,6.21
PR-2026-000882,2026-03-15,Plant-01,Line-A,MC-102,Night,PRD-B200,4497,4453,44,1,480,6.05
PR-2026-000883,2026-03-15,Plant-01,Line-B,MC-201,Day,PRD-C300,7369,7159,210,6,480,3.58
PR-2026-000884,2026-03-15,Plant-01,Line-B,MC-201,Evening,PRD-C300,6025,5908,117,59,480,3.59
PR-2026-000885,2026-03-15,Plant-01,Line-B,MC-201,Night,PRD-C300,7027,6804,223,38,480,3.49
PR-2026-000886,2026-03-15,Plant-01,Line-B,MC-202,Day,PRD-D400,2960,2849,111,33,480,8.35
PR-2026-000887,2026-03-15,Plant-01,Line-B,MC-202,Evening,PRD-D400,2784,2753,31,23,480,8.39
PR-2026-000888,2026-03-15,Plant-01,Line-B,MC-202,Night,PRD-D400,2984,2914,70,41,480,8.12
PR-2026-000889,2026-03-16,Plant-01,Line-A,MC-101,Day,PRD-A100,4903,4795,108,50,480,4.98
PR-2026-000890,2026-03-16,Plant-01,Line-A,MC-101,Evening,PRD-A100,5033,4880,153,39,480,4.91
PR-2026-000891,2026-03-16,Plant-01,Line-A,MC-101,Night,PRD-A100,5380,5209,171,18,480,4.73
PR-2026-000892,2026-03-16,Plant-01,Line-A,MC-102,Day,PRD-B200,3487,3385,102,47,480,6.36
PR-2026-000893,2026-03-16,Plant-01,Line-A,MC-102,Evening,PRD-B200,3969,3901,68,29,480,6.22
PR-2026-000894,2026-03-16,Plant-01,Line-A,MC-102,Night,PRD-B200,3302,3202,100,61,480,6.47
PR-2026-000895,2026-03-16,Plant-01,Line-B,MC-201,Day,PRD-C300,7065,6991,74,29,480,3.58
PR-2026-000896,2026-03-16,Plant-01,Line-B,MC-201,Evening,PRD-C300,6890,6659,231,9,480,3.55
PR-2026-000897,2026-03-16,Plant-01,Line-B,MC-201,Night,PRD-C300,6229,6186,43,65,480,3.39
PR-2026-000898,2026-03-16,Plant-01,Line-B,MC-202,Day,PRD-D400,2743,2697,46,45,480,8.11
PR-2026-000899,2026-03-16,Plant-01,Line-B,MC-202,Evening,PRD-D400,3091,2980,111,17,480,7.96
PR-2026-000900,2026-03-16,Plant-01,Line-B,MC-202,Night,PRD-D400,2840,2826,14,41,480,8.11
PR-2026-000901,2026-03-17,Plant-01,Line-A,MC-101,Day,PRD-A100,5316,5232,84,39,480,4.72
PR-2026-000902,2026-03-17,Plant-01,Line-A,MC-101,Evening,PRD-A100,4813,4765,48,15,480,4.92
PR-2026-000903,2026-03-17,Plant-01,Line-A,MC-101,Night,PRD-A100,5166,4984,182,60,480,4.65
PR-2026-000904,2026-03-17,Plant-01,Line-A,MC-102,Day,PRD-B200,4174,4118,56,4,480,6
PR-2026-000905,2026-03-17,Plant-01,Line-A,MC-102,Evening,PRD-B200,3603,3480,123,46,480,6.26
PR-2026-000906,2026-03-17,Plant-01,Line-A,MC-102,Night,PRD-B200,4213,4128,85,6,480,6.16
PR-2026-000907,2026-03-17,Plant-01,Line-B,MC-201,Day,PRD-C300,7057,7012,45,52,480,3.42
PR-2026-000908,2026-03-17,Plant-01,Line-B,MC-201,Evening,PRD-C300,7374,7179,195,21,480,3.38
PR-2026-000909,2026-03-17,Plant-01,Line-B,MC-201,Night,PRD-C300,6530,6495,35,61,480,3.41
PR-2026-000910,2026-03-17,Plant-01,Line-B,MC-202,Day,PRD-D400,2589,2508,81,57,480,8.45
PR-2026-000911,2026-03-17,Plant-01,Line-B,MC-202,Evening,PRD-D400,2781,2724,57,59,480,7.82
PR-2026-000912,2026-03-17,Plant-01,Line-B,MC-202,Night,PRD-D400,3265,3247,18,16,480,8.22
PR-2026-000913,2026-03-18,Plant-01,Line-A,MC-101,Day,PRD-A100,5151,5111,40,35,480,4.71
PR-2026-000914,2026-03-18,Plant-01,Line-A,MC-101,Evening,PRD-A100,5671,5569,102,14,480,4.78
PR-2026-000915,2026-03-18,Plant-01,Line-A,MC-101,Night,PRD-A100,4990,4928,62,18,480,4.68
PR-2026-000916,2026-03-18,Plant-01,Line-A,MC-102,Day,PRD-B200,3981,3937,44,51,480,6.13
PR-2026-000917,2026-03-18,Plant-01,Line-A,MC-102,Evening,PRD-B200,3587,3496,91,47,480,6.55
PR-2026-000918,2026-03-18,Plant-01,Line-A,MC-102,Night,PRD-B200,3662,3608,54,63,480,6.35
PR-2026-000919,2026-03-18,Plant-01,Line-B,MC-201,Day,PRD-C300,6515,6429,86,33,480,3.54
PR-2026-000920,2026-03-18,Plant-01,Line-B,MC-201,Evening,PRD-C300,7093,6840,253,1,480,3.42
PR-2026-000921,2026-03-18,Plant-01,Line-B,MC-201,Night,PRD-C300,7598,7560,38,30,480,3.38
PR-2026-000922,2026-03-18,Plant-01,Line-B,MC-202,Day,PRD-D400,2982,2910,72,34,480,8.36
PR-2026-000923,2026-03-18,Plant-01,Line-B,MC-202,Evening,PRD-D400,2763,2721,42,56,480,7.78
PR-2026-000924,2026-03-18,Plant-01,Line-B,MC-202,Night,PRD-D400,3160,3077,83,31,480,7.8
PR-2026-000925,2026-03-19,Plant-01,Line-A,MC-101,Day,PRD-A100,5146,4985,161,43,480,4.93
PR-2026-000926,2026-03-19,Plant-01,Line-A,MC-101,Evening,PRD-A100,5331,5239,92,18,480,4.74
PR-2026-000927,2026-03-19,Plant-01,Line-A,MC-101,Night,PRD-A100,4580,4505,75,39,480,4.93
PR-2026-000928,2026-03-19,Plant-01,Line-A,MC-102,Day,PRD-B200,3608,3593,15,35,480,6.32
PR-2026-000929,2026-03-19,Plant-01,Line-A,MC-999,Evening,PRD-B200,3629,3569,60,58,480,6.19
PR-2026-000930,2026-03-19,Plant-01,Line-A,MC-102,Night,PRD-B200,3801,3727,74,54,480,6.49
PR-2026-000931,2026-03-19,Plant-01,Line-B,MC-201,Day,PRD-C300,6823,6699,124,53,480,3.4
PR-2026-000932,2026-03-19,Plant-01,Line-B,MC-201,Evening,PRD-C300,7509,7271,238,0,480,3.57
PR-2026-000933,2026-03-19,Plant-01,Line-B,MC-201,Night,PRD-C300,6886,6654,232,36,480,3.49
PR-2026-000934,2026-03-19,Plant-01,Line-B,MC-202,Day,PRD-D400,3069,3041,28,22,480,8.19
PR-2026-000935,2026-03-19,Plant-01,Line-B,MC-202,Evening,PRD-D400,3120,3081,39,19,480,8.21
PR-2026-000936,2026-03-19,Plant-01,Line-B,MC-202,Night,PRD-D400,2683,2591,92,60,480,8.23
PR-2026-000937,2026-03-20,Plant-01,Line-A,MC-101,Day,PRD-A100,4788,4767,21,31,480,5.08
PR-2026-000938,2026-03-20,Plant-01,Line-A,MC-101,Evening,PRD-A100,4776,4594,182,55,480,4.8
PR-2026-000939,2026-03-20,Plant-01,Line-A,MC-101,Night,PRD-A100,4418,4328,90,62,480,4.82
PR-2026-000940,2026-03-20,Plant-01,Line-A,MC-102,Day,PRD-B200,4217,4158,59,5,480,6.26
PR-2026-000941,2026-03-20,Plant-01,Line-A,MC-102,Evening,PRD-B200,3368,3289,79,53,480,6.52
PR-2026-000942,2026-03-20,Plant-01,Line-A,MC-102,Night,PRD-B200,3963,3877,86,37,480,5.96
PR-2026-000943,2026-03-20,Plant-01,Line-B,MC-201,Day,PRD-C300,7398,7341,57,37,480,3.39
PR-2026-000944,2026-03-20,Plant-01,Line-B,MC-201,Evening,PRD-C300,6746,6506,240,36,480,3.65
PR-2026-000945,2026-03-20,Plant-01,Line-B,MC-201,Night,PRD-C300,7383,7159,224,41,480,3.36
PR-2026-000946,2026-03-20,Plant-01,Line-B,MC-202,Day,PRD-D400,2804,2745,59,58,480,7.99
PR-2026-000947,2026-03-20,Plant-01,Line-B,MC-202,Evening,PRD-D400,3074,2971,103,12,480,7.8
PR-2026-000948,2026-03-20,Plant-01,Line-B,MC-202,Night,PRD-D400,2869,2835,34,35,480,8.45
PR-2026-000949,2026-03-21,Plant-01,Line-A,MC-101,Day,PRD-A100,5153,5123,30,16,480,5.07
PR-2026-000950,2026-03-21,Plant-01,Line-A,MC-101,Evening,PRD-A100,4584,4493,91,56,480,4.74
PR-2026-000951,2026-03-21,Plant-01,Line-A,MC-101,Night,PRD-A100,4886,4698,188,52,480,4.71
PR-2026-000952,2026-03-21,Plant-01,Line-A,MC-102,Day,PRD-B200,4133,4115,18,4,480,6.13
PR-2026-000953,2026-03-21,Plant-01,Line-A,MC-102,Evening,PRD-B200,3891,3820,71,34,480,6.13
PR-2026-000954,2026-03-21,Plant-01,Line-A,MC-102,Night,PRD-B200,3508,3397,111,51,480,6.43
PR-2026-000955,2026-03-21,Plant-01,Line-B,MC-201,Day,PRD-C300,6501,6353,148,39,480,3.64
PR-2026-000956,2026-03-21,Plant-01,Line-B,MC-201,Evening,PRD-C300,6485,6297,188,62,480,3.48
PR-2026-000957,2026-03-21,Plant-01,Line-B,MC-201,Night,PRD-C300,6401,6155,246,56,480,3.48
PR-2026-000958,2026-03-21,Plant-01,Line-B,MC-202,Day,PRD-D400,2991,2961,30,57,480,8.05
PR-2026-000959,2026-03-21,Plant-01,Line-B,MC-202,Evening,PRD-D400,3263,3206,57,10,480,7.91
PR-2026-000960,2026-03-21,Plant-01,Line-B,MC-202,Night,PRD-D400,2778,2720,58,29,480,8.32
PR-2026-000961,2026-03-22,Plant-01,Line-A,MC-101,Day,PRD-A100,5235,5078,157,35,480,4.67
PR-2026-000962,2026-03-22,Plant-01,Line-A,MC-101,Evening,PRD-A100,5021,4998,23,49,480,4.83
PR-2026-000963,2026-03-22,Plant-01,Line-A,MC-101,Night,PRD-A100,5197,5176,21,26,480,4.98
PR-2026-000964,2026-03-22,Plant-01,Line-A,MC-102,Day,PRD-B200,3757,3688,69,20,480,6.18
PR-2026-000965,2026-03-22,Plant-01,Line-A,MC-102,Evening,PRD-B200,3840,3735,105,23,480,6.4
PR-2026-000966,2026-03-22,Plant-01,Line-A,MC-102,Night,PRD-B200,4053,4011,42,12,480,6.15
PR-2026-000967,2026-03-22,Plant-01,Line-B,MC-201,Day,PRD-C300,7598,7434,164,19,480,3.43
PR-2026-000968,2026-03-22,Plant-01,Line-B,MC-201,Evening,PRD-C300,7739,7467,272,3,480,3.39
PR-2026-000969,2026-03-22,Plant-01,Line-B,MC-201,Night,PRD-C300,7171,6952,219,57,480,3.41
PR-2026-000970,2026-03-22,Plant-01,Line-B,MC-202,Day,PRD-D400,3143,3103,40,29,480,8.09
PR-2026-000971,2026-03-22,Plant-01,Line-B,MC-202,Evening,PRD-D400,3157,3046,111,29,480,8.09
PR-2026-000972,2026-03-22,Plant-01,Line-B,MC-202,Night,PRD-D400,2830,2763,67,57,480,8.25
PR-2026-000973,2026-03-23,Plant-01,Line-A,MC-101,Day,PRD-A100,5087,5013,74,41,480,4.96
PR-2026-000974,2026-03-23,Plant-01,Line-A,MC-101,Evening,PRD-A100,5119,5069,50,57,480,4.65
PR-2026-000975,2026-03-23,Plant-01,Line-A,MC-101,Night,PRD-A100,4945,4883,62,26,480,4.63
PR-2026-000976,2026-03-23,Plant-01,Line-A,MC-102,Day,PRD-B200,3636,3599,37,22,480,6.38
PR-2026-000977,2026-03-23,Plant-01,Line-A,MC-102,Evening,PRD-B200,3747,3654,93,55,480,6.11
PR-2026-000978,2026-03-23,Plant-01,Line-A,MC-102,Night,PRD-B200,3774,3752,22,25,480,6.54
PR-2026-000979,2026-03-23,Plant-01,Line-B,MC-201,Day,PRD-C300,6174,6074,100,34,480,3.68
PR-2026-000980,2026-03-23,Plant-01,Line-B,MC-201,Evening,PRD-C300,7219,7051,168,28,480,3.46
PR-2026-000981,2026-03-23,Plant-01,Line-B,MC-201,Night,PRD-C300,6913,6861,52,32,480,3.38
PR-2026-000982,2026-03-23,Plant-01,Line-B,MC-202,Day,PRD-D400,3294,3274,20,10,480,7.89
PR-2026-000983,2026-03-23,Plant-01,Line-B,MC-202,Evening,PRD-D400,3045,2982,63,28,480,7.94
PR-2026-000984,2026-03-23,Plant-01,Line-B,MC-202,Night,PRD-D400,2713,2675,38,51,480,8.05
PR-2026-000985,2026-03-24,Plant-01,Line-A,MC-101,Day,PRD-A100,5033,4939,94,46,480,4.93
PR-2026-000986,2026-03-24,Plant-01,Line-A,MC-101,Evening,PRD-A100,4621,4562,59,60,480,5.03
PR-2026-000987,2026-03-24,Plant-01,Line-A,MC-101,Night,PRD-A100,5022,4885,137,33,480,4.82
PR-2026-000988,2026-03-24,Plant-01,Line-A,MC-102,Day,PRD-B200,3775,3657,118,28,480,6.31
PR-2026-000989,2026-03-24,Plant-01,Line-A,MC-102,Evening,PRD-B200,3601,3532,69,48,480,6.26
PR-2026-000990,2026-03-24,Plant-01,Line-A,MC-102,Night,PRD-B200,4406,4362,44,18,480,5.98
PR-2026-000991,2026-03-24,Plant-01,Line-B,MC-201,Day,PRD-C300,7063,6820,243,0,480,3.48
PR-2026-000992,2026-03-24,Plant-01,Line-B,MC-201,Evening,PRD-C300,7172,7041,131,23,480,3.63
PR-2026-000993,2026-03-24,Plant-01,Line-B,MC-201,Night,PRD-C300,6567,6506,61,24,480,3.53
PR-2026-000994,2026-03-24,Plant-01,Line-B,MC-202,Day,PRD-D400,2913,2804,109,52,480,7.77
PR-2026-000995,2026-03-24,Plant-01,Line-B,MC-202,Evening,PRD-D400,3032,2921,111,16,480,7.74
PR-2026-000996,2026-03-24,Plant-01,Line-B,MC-202,Night,PRD-D400,2764,2661,103,26,480,8.38
PR-2026-000997,2026-03-25,Plant-01,Line-A,MC-101,Day,PRD-A100,5185,5146,39,48,480,4.61
PR-2026-000998,2026-03-25,Plant-01,Line-A,MC-101,Evening,PRD-A100,5331,5306,25,23,480,4.81
PR-2026-000999,2026-03-25,Plant-01,Line-A,MC-101,Night,PRD-A100,4730,4635,95,23,480,4.92
PR-2026-001000,2026-03-25,Plant-01,Line-A,MC-102,Day,PRD-B200,4164,4027,137,45,480,5.98
PR-2026-001001,2026-03-25,Plant-01,Line-A,MC-102,Evening,PRD-B200,4140,4111,29,13,480,6.12
PR-2026-001002,2026-03-25,Plant-01,Line-A,MC-102,Night,PRD-B200,3700,3590,110,47,480,6.29
PR-2026-001003,2026-03-25,Plant-01,Line-B,MC-201,Day,PRD-C300,7497,7229,268,6,480,3.62
PR-2026-001004,2026-03-25,Plant-01,Line-B,MC-201,Evening,PRD-C300,6397,6179,218,33,480,3.65
PR-2026-001005,2026-03-25,Plant-01,Line-B,MC-201,Night,PRD-C300,7204,7136,68,23,480,3.54
PR-2026-001006,2026-03-25,Plant-01,Line-B,MC-202,Day,PRD-D400,2916,2807,109,32,480,8.32
,2026-03-25,Plant-01,Line-B,MC-202,Evening,PRD-D400,2876,2831,45,38,480,7.9
PR-2026-001008,2026-03-25,Plant-01,Line-B,MC-202,Night,PRD-D400,3192,3118,74,10,480,7.97
PR-2026-001009,2026-03-26,Plant-01,Line-A,MC-101,Day,PRD-A100,4719,4627,92,11,480,5.01
PR-2026-001010,2026-03-26,Plant-01,Line-A,MC-101,Evening,PRD-A100,5550,5417,133,3,480,4.94
PR-2026-001011,2026-03-26,Plant-01,Line-A,MC-101,Night,PRD-A100,4772,4676,96,35,480,4.94
PR-2026-001012,2026-03-26,Plant-01,Line-A,MC-102,Day,PRD-B200,3529,3485,44,56,480,6.48
PR-2026-001013,2026-03-26,Plant-01,Line-A,MC-102,Evening,PRD-B200,3766,3712,54,26,480,6.11
PR-2026-001014,2026-03-26,Plant-01,Line-A,MC-102,Night,PRD-B200,4191,4120,71,44,480,6.03
PR-2026-001015,2026-03-26,Plant-01,Line-B,MC-201,Day,PRD-C300,7146,7048,98,34,480,3.62
PR-2026-001016,2026-03-26,Plant-01,Line-B,MC-201,Evening,PRD-C300,7195,7099,96,19,480,3.59
PR-2026-001017,2026-03-26,Plant-01,Line-B,MC-201,Night,PRD-C300,5955,5915,40,56,480,3.62
PR-2026-001018,2026-03-26,Plant-01,Line-B,MC-202,Day,PRD-D400,3328,3230,98,4,480,8.31
PR-2026-001019,2026-03-26,Plant-01,Line-B,MC-202,Evening,PRD-D400,2844,2823,21,58,480,8.08
PR-2026-001020,2026-03-26,Plant-01,Line-B,MC-202,Night,PRD-D400,3008,2967,41,54,480,7.86
PR-2026-001021,2026-03-27,Plant-01,Line-A,MC-101,Day,PRD-A100,4972,4944,28,52,480,5
PR-2026-001022,2026-03-27,Plant-01,Line-A,MC-101,Evening,PRD-A100,5065,4915,150,15,480,4.88
PR-2026-001023,2026-03-27,Plant-01,Line-A,MC-101,Night,PRD-A100,5205,5172,33,3,480,4.72
PR-2026-001024,2026-03-27,Plant-01,Line-A,MC-102,Day,PRD-B200,4051,3979,72,16,480,6.16
PR-2026-001025,2026-03-27,Plant-01,Line-A,MC-102,Evening,PRD-B200,3774,3752,22,28,480,6.31
PR-2026-001026,2026-03-27,Plant-01,Line-A,MC-102,Night,PRD-B200,3769,3634,135,33,480,6.53
PR-2026-001027,2026-03-27,Plant-01,Line-B,MC-201,Day,PRD-C300,7255,7209,46,7,480,3.58
PR-2026-001028,2026-03-27,Plant-01,Line-B,MC-201,Evening,PRD-C300,7775,7528,247,2,480,3.51
PR-2026-001029,2026-03-27,Plant-01,Line-B,MC-201,Night,PRD-C300,7426,7335,91,2,480,3.7
PR-2026-001030,2026-03-27,Plant-01,Line-B,MC-202,Day,PRD-D400,3391,3308,83,3,480,8.05
PR-2026-001031,2026-03-27,Plant-01,Line-B,MC-202,Evening,PRD-D400,2972,2863,109,38,480,8.36
PR-2026-001032,2026-03-27,Plant-01,Line-B,MC-202,Night,PRD-D400,2853,2800,53,50,480,8.45
PR-2026-001033,2026-03-28,Plant-01,Line-A,MC-101,Day,PRD-A100,5060,4865,195,47,480,4.95
PR-2026-001034,2026-03-28,Plant-01,Line-A,MC-101,Evening,PRD-A100,5602,5496,106,4,480,4.68
PR-2026-001035,2026-03-28,Plant-01,Line-A,MC-101,Night,PRD-A100,5203,5168,35,25,480,4.75
PR-2026-001036,2026-03-28,Plant-01,Line-A,MC-102,Day,PRD-B200,4249,4170,79,9,480,6.39
PR-2026-001037,2026-03-28,Plant-01,Line-A,MC-102,Evening,PRD-B200,3580,3497,83,63,480,6.46
PR-2026-001038,2026-03-28,Plant-01,Line-A,MC-102,Night,PRD-B200,3600,3552,48,59,480,6.53
PR-2026-001039,2026-03-28,Plant-01,Line-B,MC-201,Day,PRD-C300,7401,7244,157,1,480,3.66
PR-2026-001040,2026-03-28,Plant-01,Line-B,MC-201,Evening,PRD-C300,6671,6488,183,64,480,3.56
PR-2026-001041,2026-03-28,Plant-01,Line-B,MC-201,Night,PRD-C300,6598,6421,177,25,480,3.5
PR-2026-001042,2026-03-28,Plant-01,Line-B,MC-202,Day,PRD-D400,3061,3007,54,39,480,7.94
PR-2026-001043,2026-03-28,Plant-01,Line-B,MC-202,Evening,PRD-D400,2886,2867,19,19,480,8.09
PR-2026-001044,2026-03-28,Plant-01,Line-B,MC-202,Night,PRD-D400,2876,2776,100,63,480,8.2
PR-2026-001045,2026-03-29,Plant-01,Line-A,MC-101,Day,PRD-A100,4939,4756,183,63,480,4.63
PR-2026-001046,2026-03-29,Plant-01,Line-A,MC-101,Evening,PRD-A100,4315,4163,152,58,480,4.95
PR-2026-001047,2026-03-29,Plant-01,Line-A,MC-101,Night,PRD-A100,4935,4908,27,40,480,4.68
PR-2026-001048,2026-03-29,Plant-01,Line-A,MC-102,Day,PRD-B200,4227,4074,153,5,480,5.99
PR-2026-001049,2026-03-29,Plant-01,Line-A,MC-102,Evening,PRD-B200,3790,3702,88,49,480,6.2
PR-2026-001050,2026-03-29,Plant-01,Line-A,MC-102,Night,PRD-B200,4225,4166,59,0,480,6.31
PR-2026-001051,2026-03-29,Plant-01,Line-B,MC-201,Day,PRD-C300,6421,6278,143,65,480,3.67
PR-2026-001052,2026-03-29,Plant-01,Line-B,MC-201,Evening,PRD-C300,6921,6810,111,29,480,3.66
PR-2026-001053,2026-03-29,Plant-01,Line-B,MC-201,Night,PRD-C300,6630,6526,104,21,480,3.66
PR-2026-001054,2026-03-29,Plant-01,Line-B,MC-202,Day,PRD-D400,2943,2832,111,13,480,8.44
PR-2026-001055,2026-03-29,Plant-01,Line-B,MC-202,Evening,PRD-D400,3452,3398,54,7,480,7.97
PR-2026-001056,2026-03-29,Plant-01,Line-B,MC-202,Night,PRD-D400,3256,3212,44,27,480,7.77
PR-2026-001057,2026-03-30,Plant-01,Line-A,MC-101,Day,PRD-A100,4886,4826,60,50,480,4.83
PR-2026-001058,2026-03-30,Plant-01,Line-A,MC-101,Evening,PRD-A100,5164,4965,199,2,480,5.02
PR-2026-001059,2026-03-30,Plant-01,Line-A,MC-101,Night,PRD-A100,5223,5180,43,41,480,4.87
PR-2026-001060,2026-03-30,Plant-01,Line-A,MC-102,Day,PRD-B200,3757,3735,22,41,480,6.38
PR-2026-001061,2026-03-30,Plant-01,Line-A,MC-102,Evening,PRD-B200,3973,3904,69,55,480,6.12
PR-2026-001062,2026-03-30,Plant-01,Line-A,MC-102,Night,PRD-B200,3998,3945,53,25,480,6.37
PR-2026-001063,2026-03-30,Plant-01,Line-B,MC-201,Day,PRD-C300,7309,7280,29,9,480,3.67
PR-2026-001064,2026-03-30,Plant-01,Line-B,MC-201,Evening,PRD-C300,7020,6920,100,20,480,3.51
PR-2026-001065,2026-03-30,Plant-01,Line-B,MC-201,Night,PRD-C300,6656,6475,181,55,480,3.66
PR-2026-001066,2026-03-30,Plant-01,Line-B,MC-202,Day,PRD-D400,2766,2682,84,59,480,8.29
PR-2026-001067,2026-03-30,Plant-01,Line-B,MC-202,Evening,PRD-D400,3075,2979,96,8,480,8.27
PR-2026-001068,2026-03-30,Plant-01,Line-B,MC-202,Night,PRD-D400,3006,2925,81,37,480,7.99
PR-2026-001069,2026-03-31,Plant-01,Line-A,MC-101,Day,PRD-A100,4781,4615,166,52,480,4.84
PR-2026-001070,2026-03-31,Plant-01,Line-A,MC-101,Evening,PRD-A100,4815,4708,107,24,480,4.94
PR-2026-001071,2026-03-31,Plant-01,Line-A,MC-101,Night,PRD-A100,4245,4189,56,56,480,5.06
PR-2026-001072,2026-03-31,Plant-01,Line-A,MC-102,Day,PRD-B200,3489,3442,47,53,480,6.33
PR-2026-001073,2026-03-31,Plant-01,Line-A,MC-102,Evening,PRD-B200,3629,3599,30,54,480,6.07
PR-2026-001074,2026-03-31,Plant-01,Line-A,MC-102,Night,PRD-B200,3694,3610,84,13,480,6.39
PR-2026-001075,2026-03-31,Plant-01,Line-B,MC-201,Day,PRD-C300,6535,6342,193,40,480,3.47
PR-2026-001076,2026-03-31,Plant-01,Line-B,MC-201,Evening,PRD-C300,6092,6016,76,62,480,3.53
PR-2026-001077,2026-03-31,Plant-01,Line-B,MC-201,Night,PRD-C300,6661,6454,207,18,480,3.69
PR-2026-001078,2026-03-31,Plant-01,Line-B,MC-202,Day,PRD-D400,3104,3072,32,0,480,8.04
PR-2026-001079,2026-03-31,Plant-01,Line-B,MC-202,Evening,PRD-D400,3201,3119,82,6,480,8.18
PR-2026-001080,2026-03-31,Plant-01,Line-B,MC-202,Night,PRD-D400,3175,3068,107,22,480,8.3
PR-2026-001081,2026-04-01,Plant-01,Line-A,MC-101,Day,PRD-A100,4640,4572,68,56,480,4.63
PR-2026-001082,2026-04-01,Plant-01,Line-A,MC-101,Evening,PRD-A100,4825,4799,26,45,480,5.08
PR-2026-001083,2026-04-01,Plant-01,Line-A,MC-101,Night,PRD-A100,5226,5097,129,21,480,4.79
PR-2026-001084,2026-04-01,Plant-01,Line-A,MC-102,Day,PRD-B200,4125,4060,65,1,480,6.32
PR-2026-001085,2026-04-01,Plant-01,Line-A,MC-102,Evening,PRD-B200,3968,3847,-3,14,480,5.98
PR-2026-001086,2026-04-01,Plant-01,Line-A,MC-102,Night,PRD-B200,4318,4162,156,7,480,6.23
PR-2026-001087,2026-04-01,Plant-01,Line-B,MC-201,Day,PRD-C300,7550,7328,222,38,480,3.39
PR-2026-001088,2026-04-01,Plant-01,Line-B,MC-201,Evening,PRD-C300,6699,6672,27,34,480,3.68
PR-2026-001089,2026-04-01,Plant-01,Line-B,MC-201,Night,PRD-C300,6366,6165,201,40,480,3.68
PR-2026-001090,2026-04-01,Plant-01,Line-B,MC-202,Day,PRD-D400,2855,2832,23,60,480,7.74
PR-2026-001091,2026-04-01,Plant-01,Line-B,MC-202,Evening,PRD-D400,3007,2937,70,40,480,8.33
PR-2026-001092,2026-04-01,Plant-01,Line-B,MC-202,Night,PRD-D400,3176,3092,84,45,480,7.82
PR-2026-001093,2026-04-02,Plant-01,Line-A,MC-101,Day,PRD-A100,5916,5806,110,5,480,4.67
PR-2026-001094,2026-04-02,Plant-01,Line-A,MC-101,Evening,PRD-A100,4935,4769,166,60,480,4.69
PR-2026-001095,2026-04-02,Plant-01,Line-A,MC-101,Night,PRD-A100,5250,5136,114,16,480,4.65
PR-2026-001096,2026-04-02,Plant-01,Line-A,MC-102,Day,PRD-B200,3677,3571,106,35,480,6.4
PR-2026-001097,2026-04-02,Plant-01,Line-A,MC-102,Evening,PRD-B200,3856,3785,71,16,480,6.34
PR-2026-001098,2026-04-02,Plant-01,Line-A,MC-102,Night,PRD-B200,3709,3577,132,51,480,6.5
PR-2026-001099,2026-04-02,Plant-01,Line-B,MC-201,Day,PRD-C300,6729,6528,201,27,480,3.63
PR-2026-001100,2026-04-02,Plant-01,Line-B,MC-201,Evening,PRD-C300,7385,7125,260,24,480,3.52
PR-2026-001101,2026-04-02,Plant-01,Line-B,MC-201,Night,PRD-C300,6726,6698,28,58,480,3.44
PR-2026-001102,2026-04-02,Plant-01,Line-B,MC-202,Day,PRD-D400,3110,3015,95,30,480,8.18
PR-2026-001103,2026-04-02,Plant-01,Line-B,MC-202,Evening,PRD-D400,3277,3199,78,2,480,8.24
PR-2026-001104,2026-04-02,Plant-01,Line-B,MC-202,Night,PRD-D400,3090,3056,34,37,480,8.19
PR-2026-001105,2026-04-03,Plant-01,Line-A,MC-101,Day,PRD-A100,4723,4549,174,55,480,4.72
PR-2026-001106,2026-04-03,Plant-01,Line-A,MC-101,Evening,PRD-A100,4783,4668,115,43,480,5.03
PR-2026-001107,2026-04-03,Plant-01,Line-A,MC-101,Night,PRD-A100,5321,5198,123,32,480,4.82
PR-2026-001108,2026-04-03,Plant-01,Line-A,MC-102,Day,PRD-B200,3710,3653,57,48,480,6.38
PR-2026-001109,2026-04-03,Plant-01,Line-A,MC-102,Evening,PRD-B200,3845,3719,126,22,480,6.18
PR-2026-001110,2026-04-03,Plant-01,Line-A,MC-102,Night,PRD-B200,3964,3838,126,41,480,6.27
PR-2026-001111,2026-04-03,Plant-01,Line-B,MC-201,Day,PRD-C300,5831,5649,182,61,480,3.64
PR-2026-001112,2026-04-03,Plant-01,Line-B,MC-201,Evening,PRD-C300,7039,6788,251,24,480,3.59
PR-2026-001113,2026-04-03,Plant-01,Line-B,MC-201,Night,PRD-C300,6203,6005,198,64,480,3.44
PR-2026-001114,2026-04-03,Plant-01,Line-B,MC-202,Day,PRD-D400,3037,2967,70,49,480,8.21
PR-2026-001115,2026-04-03,Plant-01,Line-B,MC-202,Evening,PRD-D400,2748,2674,74,29,480,8.44
PR-2026-001116,2026-04-03,Plant-01,Line-B,MC-202,Night,PRD-D400,3056,2982,74,33,480,8.09
PR-2026-001117,2026-04-04,Plant-01,Line-A,MC-101,Day,PRD-A100,4718,4585,133,19,480,5.03
PR-2026-001118,2026-04-04,Plant-01,Line-A,MC-101,Evening,PRD-A100,5225,5080,145,9,480,4.69
PR-2026-001119,2026-04-04,Plant-01,Line-A,MC-101,Night,PRD-A100,4676,4611,65,53,480,4.68
PR-2026-001120,2026-04-04,Plant-01,Line-A,MC-102,Day,PRD-B200,3296,3185,111,57,480,6.54
PR-2026-001121,2026-04-04,Plant-01,Line-A,MC-102,Evening,PRD-B200,3599,3490,109,22,480,6.43
PR-2026-001122,2026-04-04,Plant-01,Line-A,MC-102,Night,PRD-B200,4077,4013,64,24,480,6.14
PR-2026-001123,2026-04-04,Plant-01,Line-B,MC-201,Day,PRD-C300,7132,7018,114,10,480,3.46
PR-2026-001124,2026-04-04,Plant-01,Line-B,MC-201,Evening,PRD-C300,7103,7031,72,32,480,3.63
PR-2026-001125,2026-04-04,Plant-01,Line-B,MC-201,Night,PRD-C300,7072,6997,75,15,480,3.43
PR-2026-001126,2026-04-04,Plant-01,Line-B,MC-202,Day,PRD-D400,2953,2930,23,55,480,8.37
PR-2026-001127,2026-04-04,Plant-01,Line-B,MC-202,Evening,PRD-D400,3324,3231,93,23,480,7.99
PR-2026-001128,2026-04-04,Plant-01,Line-B,MC-202,Night,PRD-D400,3079,3035,44,50,480,8.02
PR-2026-001129,2026-04-05,Plant-01,Line-A,MC-101,Day,PRD-A100,4922,4743,179,64,480,4.62
PR-2026-001130,2026-04-05,Plant-01,Line-A,MC-101,Evening,PRD-A100,4877,4717,160,53,480,5.07
PR-2026-001131,2026-04-05,Plant-01,Line-A,MC-101,Night,PRD-A100,4940,4867,73,28,480,4.77
PR-2026-001132,2026-04-05,Plant-01,Line-A,MC-102,Day,PRD-B200,3528,3496,32,30,480,6.49
PR-2026-001133,2026-04-05,Plant-01,Line-A,MC-102,Evening,PRD-B200,3736,3592,144,48,480,6.44
PR-2026-001134,2026-04-05,Plant-01,Line-A,MC-102,Night,PRD-B200,4147,4097,50,29,480,6.16
PR-2026-001135,2026-04-05,Plant-01,Line-B,MC-201,Day,PRD-C300,7119,7086,33,22,480,3.56
PR-2026-001136,2026-04-05,Plant-01,Line-B,MC-201,Evening,PRD-C300,7287,7251,36,48,480,3.43
PR-2026-001137,2026-04-05,Plant-01,Line-B,MC-201,Night,PRD-C300,6172,6117,55,45,480,3.59
PR-2026-001138,2026-04-05,Plant-01,Line-B,MC-202,Day,PRD-D400,2769,2676,93,55,480,8.14
PR-2026-001139,2026-04-05,Plant-01,Line-B,MC-202,Evening,PRD-D400,2585,2514,71,50,480,8.44
PR-2026-001140,2026-04-05,Plant-01,Line-B,MC-202,Night,PRD-D400,3043,2979,64,56,480,7.78
PR-2026-001141,2026-04-06,Plant-01,Line-A,MC-101,Day,PRD-A100,5666,5640,26,17,480,4.68
PR-2026-001142,2026-04-06,Plant-01,Line-A,MC-101,Evening,PRD-A100,4699,4646,53,60,480,5.08
PR-2026-001143,2026-04-06,Plant-01,Line-A,MC-101,Night,PRD-A100,5080,5017,63,31,480,4.79
PR-2026-001144,2026-04-06,Plant-01,Line-A,MC-102,Day,PRD-B200,3799,3776,23,30,480,6.03
PR-2026-001145,2026-04-06,Plant-01,Line-A,MC-102,Evening,PRD-B200,3825,3805,20,21,480,6.14
PR-2026-001146,2026-04-06,Plant-01,Line-A,MC-102,Night,PRD-B200,4057,3987,70,8,480,6.13
PR-2026-001147,2026-04-06,Plant-01,Line-B,MC-201,Day,PRD-C300,6464,6384,80,54,480,3.42
PR-2026-001148,2026-04-06,Plant-01,Line-B,MC-201,Evening,PRD-C300,6681,6506,175,64,480,3.38
PR-2026-001149,2026-04-06,Plant-01,Line-B,MC-201,Night,PRD-C300,6313,6173,140,45,480,3.7
PR-2026-001150,2026-04-06,Plant-01,Line-B,MC-202,Day,PRD-D400,2865,2762,103,17,480,8.44
PR-2026-001151,2026-04-06,Plant-01,Line-B,MC-202,Evening,PRD-D400,2892,2864,28,37,480,8.1
PR-2026-001152,2026-04-06,Plant-01,Line-B,MC-202,Night,PRD-D400,2883,2860,23,40,480,7.81
PR-2026-001153,2026-04-07,Plant-01,Line-A,MC-101,Day,PRD-A100,4892,4816,76,38,480,4.65
PR-2026-001154,2026-04-07,Plant-01,Line-A,MC-101,Evening,PRD-A100,4784,4735,49,53,480,4.89
PR-2026-001155,2026-04-07,Plant-01,Line-A,MC-101,Night,PRD-A100,5162,5060,102,21,480,4.88
PR-2026-001156,2026-04-07,Plant-01,Line-A,MC-102,Day,PRD-B200,3469,3361,108,63,480,6.15
PR-2026-001157,2026-04-07,Plant-01,Line-A,MC-102,Evening,PRD-B200,4374,4280,94,4,480,6.1
PR-2026-001158,2026-04-07,Plant-01,Line-A,MC-102,Night,PRD-B200,3981,3838,143,28,480,6.24
PR-2026-001159,2026-04-07,Plant-01,Line-B,MC-201,Day,PRD-C300,6462,6232,230,55,480,3.71
PR-2026-001160,2026-04-07,Plant-01,Line-B,MC-201,Evening,PRD-C300,6954,6865,89,3,480,3.67
PR-2026-001161,2026-04-07,Plant-01,Line-B,MC-201,Night,PRD-C300,6037,5890,147,64,480,3.63
PR-2026-001162,2026-04-07,Plant-01,Line-B,MC-202,Day,PRD-D400,2987,2921,66,38,480,8.09
PR-2026-001163,2026-04-07,Plant-01,Line-B,MC-202,Evening,PRD-D400,2797,-10,89,35,480,8.43
PR-2026-001164,2026-04-07,Plant-01,Line-B,MC-202,Night,PRD-D400,2903,2856,47,38,480,8.15
PR-2026-001165,2026-04-08,Plant-01,Line-A,MC-101,Day,PRD-A100,4544,4507,37,57,480,4.92
PR-2026-001166,2026-04-08,Plant-01,Line-A,MC-101,Evening,PRD-A100,4491,4435,56,57,480,4.82
PR-2026-001167,2026-04-08,Plant-01,Line-A,MC-101,Night,PRD-A100,4373,4327,46,47,480,5.05
PR-2026-001168,2026-04-08,Plant-01,Line-A,MC-102,Day,PRD-B200,3831,3784,47,19,480,6.49
PR-2026-001169,2026-04-08,Plant-01,Line-A,MC-102,Evening,PRD-B200,3401,3311,90,65,480,6.37
PR-2026-001170,2026-04-08,Plant-01,Line-A,MC-102,Night,PRD-B200,3576,3550,26,58,480,6.02
PR-2026-001171,2026-04-08,Plant-01,Line-B,MC-201,Day,PRD-C300,6979,6759,220,1,480,3.59
PR-2026-001172,2026-04-08,Plant-01,Line-B,MC-201,Evening,PRD-C300,7012,6785,227,54,480,3.42
PR-2026-001173,2026-04-08,Plant-01,Line-B,MC-201,Night,PRD-C300,6760,6686,74,58,480,3.38
PR-2026-001174,2026-04-08,Plant-01,Line-B,MC-202,Day,PRD-D400,2953,2839,114,52,480,7.75
PR-2026-001175,2026-04-08,Plant-01,Line-B,MC-202,Evening,PRD-D400,3011,2944,67,37,480,8.2
PR-2026-001176,2026-04-08,Plant-01,Line-B,MC-202,Night,PRD-D400,2788,2685,103,26,480,8.33
PR-2026-001177,2026-04-09,Plant-01,Line-A,MC-101,Day,PRD-A100,4853,4772,81,22,480,4.79
PR-2026-001178,2026-04-09,Plant-01,Line-A,MC-101,Evening,PRD-A100,4667,4498,169,57,480,5.03
PR-2026-001179,2026-04-09,Plant-01,Line-A,MC-101,Night,PRD-A100,4931,4847,84,49,480,4.72
PR-2026-001180,2026-04-09,Plant-01,Line-A,MC-102,Day,PRD-B200,3796,3779,17,58,480,6.31
PR-2026-001181,2026-04-09,Plant-01,Line-A,MC-102,Evening,PRD-B200,3961,3941,20,64,480,6.07
PR-2026-001182,2026-04-09,Plant-01,Line-A,MC-102,Night,PRD-B200,3804,3666,138,36,480,6.39
PR-2026-001183,2026-04-09,Plant-01,Line-B,MC-201,Day,PRD-C300,6744,6488,256,60,480,3.59
PR-2026-001184,2026-04-09,Plant-01,Line-B,MC-201,Evening,PRD-C300,6360,6262,98,46,480,3.56
PR-2026-001185,2026-04-09,Plant-01,Line-B,MC-201,Night,PRD-C300,6746,6573,173,57,480,3.39
PR-2026-001186,2026-04-09,Plant-01,Line-B,MC-202,Day,PRD-D400,2683,2591,92,64,480,8.08
PR-2026-001187,2026-04-09,Plant-01,Line-B,MC-202,Evening,PRD-D400,2866,2845,21,43,480,7.89
PR-2026-001188,2026-04-09,Plant-01,Line-B,MC-202,Night,PRD-D400,3176,3110,66,12,480,8.39
PR-2026-001189,2026-04-10,Plant-01,Line-A,MC-101,Day,PRD-A100,5212,5021,191,26,480,4.94
PR-2026-001190,2026-04-10,Plant-01,Line-A,MC-101,Evening,PRD-A100,5303,5156,147,16,480,4.98
PR-2026-001191,2026-04-10,Plant-01,Line-A,MC-101,Night,PRD-A100,4843,4700,143,48,480,4.63
PR-2026-001192,2026-04-10,Plant-01,Line-A,MC-102,Day,PRD-B200,3844,3799,45,22,480,fast
PR-2026-001193,2026-04-10,Plant-01,Line-A,MC-102,Evening,PRD-B200,3848,3821,27,10,480,6.49
PR-2026-001194,2026-04-10,Plant-01,Line-A,MC-102,Night,PRD-B200,4388,4343,45,16,480,5.96
PR-2026-001195,2026-04-10,Plant-01,Line-B,MC-201,Day,PRD-C300,7071,6882,189,18,480,3.46
PR-2026-001196,2026-04-10,Plant-01,Line-B,MC-201,Evening,PRD-C300,7252,7026,226,22,480,3.48
PR-2026-001197,2026-04-10,Plant-01,Line-B,MC-201,Night,PRD-C300,7840,7628,212,14,480,3.4
PR-2026-001198,2026-04-10,Plant-01,Line-B,MC-202,Day,PRD-D400,2960,2855,105,45,480,7.92
PR-2026-001199,2026-04-10,Plant-01,Line-B,MC-202,Evening,PRD-D400,2677,2652,25,63,480,7.89
PR-2026-001200,2026-04-10,Plant-01,Line-B,MC-202,Night,PRD-D400,3196,3150,46,2,480,7.8
